"통계분류","항목","단위","2016 년","2017 년","2018 년","2019 년",
"1월","사례수","","758","1259","","",
"1월","명동-남대문-북창","","17.3","16.1","36.9","34.6",
"1월","제주","","0","","5.2","7.3",
"1월","신촌/홍대주변","","4.9","4.2","5.8","6.8",
"1월","종로-청계","","0","","3.4","4.9",
"1월","동대문 패션타운","","5.5","7.4","6.4","4.1",
"1월","해운대 일대","","0","2","4.1","1.9",
"1월","강남역","","4.4","2.9","5","3.9",
"1월","잠실","","0","2.1","3.2","2.5",
"1월","춘천(남이섬)","","0","","1.6","1.8",
"1월","코엑스 (강남 코엑스)","","0","","","1.9",
"1월","이태원","","0","1.6","2.3","",
"1월","청계천/광화문광장","","3","","","",
"1월","제주민속촌","","0","","","",
"1월","이기대/오륙도","","6.6","","","",
"1월","섭지코지","","0","","","",
"1월","거제(바람의언덕,외도)","","4.8","","","",
"1월","태종대","","0","","","",
"1월","용궁사/기장","","2.8","","","",
"1월","감천문화마을","","3.9","","","",
"1월","경주(불국사,보문관광단지,양봉마을)","","5.5","","","",
"1월","스키장(용평리조트/피닉스파크/비발디파크)","","100","","","",
"1월","남산/N서울타워","","","5.8","","",
"1월","인사동","","","1.4","","",
"1월","고궁","","","6.7","","",
"2월","사례수","","797","1300","","",
"2월","명동-남대문-북창","","17.8","19","34.3","35.8",
"2월","제주","","0","","5.3","7.3",
"2월","신촌/홍대주변","","6.3","4.4","4.8","7.1",
"2월","종로-청계","","0","","3","4.9",
"2월","동대문 패션타운","","5.2","7.6","5.9","4.5",
"2월","해운대 일대","","0","3.4","3.8","3.5",
"2월","강남역","","2.4","2.6","2.9","4.2",
"2월","잠실","","0","2.5","2.1","2.4",
"2월","춘천(남이섬)","","0","","2.7","1.7",
"2월","코엑스 (강남 코엑스)","","0","","","1.8",
"2월","이태원","","0","1.2","2.5","",
"2월","청계천/광화문광장","","4","","","",
"2월","제주민속촌","","0","","","",
"2월","이기대/오륙도","","5.8","","","",
"2월","섭지코지","","0","","","",
"2월","거제(바람의언덕,외도)","","5.3","","","",
"2월","태종대","","1.1","","","",
"2월","용궁사/기장","","2.7","","","",
"2월","감천문화마을","","3.5","","","",
"2월","경주(불국사,보문관광단지,양봉마을)","","4.4","","","",
"2월","스키장(용평리조트/피닉스파크/비발디파크)","","100","","","",
"2월","남산/N서울타워","","","3.7","","",
"2월","인사동","","","2.5","","",
"2월","고궁","","","7.9","","",
"3월","사례수","","978","1276","","",
"3월","명동-남대문-북창","","16.5","20.5","33.1","39.4",
"3월","제주","","0","","6.3","7",
"3월","신촌/홍대주변","","5.2","5.6","8.5","6.1",
"3월","종로-청계","","0","","4.3","6",
"3월","동대문 패션타운","","7","5.2","6.8","5.7",
"3월","해운대 일대","","0","3.4","3.8","3.1",
"3월","강남역","","3.6","2.6","4.4","3.7",
"3월","잠실","","0","1.7","2.4","1.9",
"3월","춘천(남이섬)","","0","","2.7","2.8",
"3월","코엑스 (강남 코엑스)","","0","","","2.2",
"3월","이태원","","0","1.8","2.8","",
"3월","청계천/광화문광장","","3.8","","","",
"3월","제주민속촌","","0","","","",
"3월","이기대/오륙도","","7.5","","","",
"3월","섭지코지","","0","","","",
"3월","거제(바람의언덕,외도)","","5.9","","","",
"3월","태종대","","1.2","","","",
"3월","용궁사/기장","","3.2","","","",
"3월","감천문화마을","","2","","","",
"3월","경주(불국사,보문관광단지,양봉마을)","","6.9","","","",
"3월","스키장(용평리조트/피닉스파크/비발디파크)","","100","","","",
"3월","남산/N서울타워","","","4","","",
"3월","인사동","","","3.1","","",
"3월","고궁","","","7.4","","",
"4월","사례수","","1032","1113","","",
"4월","명동-남대문-북창","","17.9","16.9","37.2","36.2",
"4월","제주","","0","","6","7.9",
"4월","신촌/홍대주변","","4","3.9","5.1","5.1",
"4월","종로-청계","","0","","7.1","7.1",
"4월","동대문 패션타운","","5.9","4.8","5.9","4.7",
"4월","해운대 일대","","0","3.9","3.7","4.4",
"4월","강남역","","2.6","4.1","3.7","3.3",
"4월","잠실","","0","1.8","1.3","2.1",
"4월","춘천(남이섬)","","0","","2.6","4.1",
"4월","코엑스 (강남 코엑스)","","0","","","1.3",
"4월","이태원","","0","2.8","2.1","",
"4월","청계천/광화문광장","","2.8","","","",
"4월","제주민속촌","","0","","","",
"4월","이기대/오륙도","","7.5","","","",
"4월","섭지코지","","0","","","",
"4월","거제(바람의언덕,외도)","","6.2","","","",
"4월","태종대","","2.9","","","",
"4월","용궁사/기장","","2.2","","","",
"4월","감천문화마을","","1.6","","","",
"4월","경주(불국사,보문관광단지,양봉마을)","","5.2","","","",
"4월","스키장(용평리조트/피닉스파크/비발디파크)","","100","","","",
"4월","남산/N서울타워","","","5","","",
"4월","인사동","","","2.9","","",
"4월","고궁","","","12.8","","",
"5월","사례수","","1030","1000","","",
"5월","명동-남대문-북창","","17.9","16.3","36.3","31.6",
"5월","제주","","0","","5.8","7.7",
"5월","신촌/홍대주변","","4.5","4","6.3","4.9",
"5월","종로-청계","","0","","5.7","6.2",
"5월","동대문 패션타운","","5.8","6","6.5","4.6",
"5월","해운대 일대","","0","3.6","4","3.6",
"5월","강남역","","3.2","3.2","3.4","3.7",
"5월","잠실","","0","2.7","2.1","3.4",
"5월","춘천(남이섬)","","0","","2.1","1.2",
"5월","코엑스 (강남 코엑스)","","0","","","2.5",
"5월","이태원","","0","2.1","1.7","",
"5월","청계천/광화문광장","","2.8","","","",
"5월","제주민속촌","","0","","","",
"5월","이기대/오륙도","","9.1","","","",
"5월","섭지코지","","0","","","",
"5월","거제(바람의언덕,외도)","","4.2","","","",
"5월","태종대","","2.4","","","",
"5월","용궁사/기장","","4.6","","","",
"5월","감천문화마을","","1.9","","","",
"5월","경주(불국사,보문관광단지,양봉마을)","","7.1","","","",
"5월","스키장(용평리조트/피닉스파크/비발디파크)","","100","","","",
"5월","남산/N서울타워","","","6.2","","",
"5월","인사동","","","2.7","","",
"5월","고궁","","","9.3","","",
"6월","사례수","","1080","1025","","",
"6월","명동-남대문-북창","","15.8","17.7","39.8","36.7",
"6월","제주","","0","","6.8","7",
"6월","신촌/홍대주변","","4.3","5.3","4.3","6.5",
"6월","종로-청계","","0","","5.6","6",
"6월","동대문 패션타운","","5.7","5","4.4","6",
"6월","해운대 일대","","0","5.4","4.2","3.1",
"6월","강남역","","3.4","2.7","3.1","3.3",
"6월","잠실","","0","1.7","2.3","2.8",
"6월","춘천(남이섬)","","0","","1.7","1.4",
"6월","코엑스 (강남 코엑스)","","0","","","1.5",
"6월","이태원","","0","2.2","2.5","",
"6월","청계천/광화문광장","","3.3","","","",
"6월","제주민속촌","","0","","","",
"6월","이기대/오륙도","","8.7","","","",
"6월","섭지코지","","0","","","",
"6월","거제(바람의언덕,외도)","","5.5","","","",
"6월","태종대","","2.3","","","",
"6월","용궁사/기장","","4","","","",
"6월","감천문화마을","","2.5","","","",
"6월","경주(불국사,보문관광단지,양봉마을)","","5.1","","","",
"6월","스키장(용평리조트/피닉스파크/비발디파크)","","100","","","",
"6월","남산/N서울타워","","","5","","",
"6월","인사동","","","2.6","","",
"6월","고궁","","","11.6","","",
"7월","사례수","","1183","1039","","",
"7월","명동-남대문-북창","","17.3","20.7","35.3","31.5",
"7월","제주","","0","","6.7","8.6",
"7월","신촌/홍대주변","","3.8","4.7","6","5.8",
"7월","종로-청계","","0","","6.3","4.9",
"7월","동대문 패션타운","","5.2","3.6","3.1","4.4",
"7월","해운대 일대","","0","3.5","3.5","3.2",
"7월","강남역","","2.8","4","4.5","3",
"7월","잠실","","0","2","2.3","3.7",
"7월","춘천(남이섬)","","0","","1.6","1.3",
"7월","코엑스 (강남 코엑스)","","0","","","1.3",
"7월","이태원","","0","2","2.5","",
"7월","청계천/광화문광장","","2.7","","","",
"7월","제주민속촌","","0","","","",
"7월","이기대/오륙도","","6","","","",
"7월","섭지코지","","0","","","",
"7월","거제(바람의언덕,외도)","","7.9","","","",
"7월","태종대","","4","","","",
"7월","용궁사/기장","","3.3","","","",
"7월","감천문화마을","","2.4","","","",
"7월","경주(불국사,보문관광단지,양봉마을)","","8.2","","","",
"7월","스키장(용평리조트/피닉스파크/비발디파크)","","100","","","",
"7월","남산/N서울타워","","","4.2","","",
"7월","인사동","","","3.2","","",
"7월","고궁","","","10.6","","",
"8월","사례수","","1154","1147","","",
"8월","명동-남대문-북창","","16","19.7","37.9","34.5",
"8월","제주","","0","","6.2","8.1",
"8월","신촌/홍대주변","","4.1","6.1","5.6","7.2",
"8월","종로-청계","","0","","4.7","4.7",
"8월","동대문 패션타운","","4.2","4.1","3.5","2.8",
"8월","해운대 일대","","0","4.1","5","3.6",
"8월","강남역","","2.4","4.2","3.8","1.6",
"8월","잠실","","0","2.8","3","2.9",
"8월","춘천(남이섬)","","0","","1.5","1.6",
"8월","코엑스 (강남 코엑스)","","0","","","2.7",
"8월","이태원","","0","2.3","1.3","",
"8월","청계천/광화문광장","","3.6","","","",
"8월","제주민속촌","","0","","","",
"8월","이기대/오륙도","","7.1","","","",
"8월","섭지코지","","0","","","",
"8월","거제(바람의언덕,외도)","","6.4","","","",
"8월","태종대","","2.2","","","",
"8월","용궁사/기장","","4","","","",
"8월","감천문화마을","",".9","","","",
"8월","경주(불국사,보문관광단지,양봉마을)","","9.8","","","",
"8월","스키장(용평리조트/피닉스파크/비발디파크)","","100","","","",
"8월","남산/N서울타워","","","5.2","","",
"8월","인사동","","","1.4","","",
"8월","고궁","","","7.8","","",
"9월","사례수","","1046","1122","","",
"9월","명동-남대문-북창","","16.3","16.1","35.6","33.8",
"9월","제주","","0","","7.9","9.7",
"9월","신촌/홍대주변","","4.1","4.9","6.2","5.8",
"9월","종로-청계","","0","","5.1","4.7",
"9월","동대문 패션타운","","6.9","5.8","4.1","4.1",
"9월","해운대 일대","","0","2.8","3.6","4.7",
"9월","강남역","","3.8","4.8","4.1","2.8",
"9월","잠실","","0","2.3","2.3","3.2",
"9월","춘천(남이섬)","","0","","1.6","2.6",
"9월","코엑스 (강남 코엑스)","","0","","","1.9",
"9월","이태원","","0","2.1","1.8","",
"9월","청계천/광화문광장","","3.8","","","",
"9월","제주민속촌","",".9","","","",
"9월","이기대/오륙도","","5.3","","","",
"9월","섭지코지","","0","","","",
"9월","거제(바람의언덕,외도)","","5.8","","","",
"9월","태종대","","3.9","","","",
"9월","용궁사/기장","","1.5","","","",
"9월","감천문화마을","","3.5","","","",
"9월","경주(불국사,보문관광단지,양봉마을)","","7","","","",
"9월","스키장(용평리조트/피닉스파크/비발디파크)","","100","","","",
"9월","남산/N서울타워","","","5.9","","",
"9월","인사동","","","2","","",
"9월","고궁","","","9.9","","",
"10월","사례수","","1103","1221","","",
"10월","명동-남대문-북창","","19","17.9","32.3","28.1",
"10월","제주","","0","","8.7","9.9",
"10월","신촌/홍대주변","","3.3","5","5.2","4.6",
"10월","종로-청계","","0","","7.1","5.2",
"10월","동대문 패션타운","","6.9","5.3","4.2","3.6",
"10월","해운대 일대","","0","3.8","4.3","5.9",
"10월","강남역","","2.5","3.9","3.5","2.2",
"10월","잠실","","0","1","2","8.4",
"10월","춘천(남이섬)","","0","","3.5","3.6",
"10월","코엑스 (강남 코엑스)","","0","","","1.3",
"10월","이태원","","0",".9","1.7","",
"10월","청계천/광화문광장","","3","","","",
"10월","제주민속촌","","0","","","",
"10월","이기대/오륙도","","9.4","","","",
"10월","섭지코지","","0","","","",
"10월","거제(바람의언덕,외도)","","5.1","","","",
"10월","태종대","","2.3","","","",
"10월","용궁사/기장","","1.9","","","",
"10월","감천문화마을","","2.2","","","",
"10월","경주(불국사,보문관광단지,양봉마을)","","2.3","","","",
"10월","스키장(용평리조트/피닉스파크/비발디파크)","","100","","","",
"10월","남산/N서울타워","","","4.9","","",
"10월","인사동","","","2.8","","",
"10월","고궁","","","11","","",
"11월","사례수","","906","1146","","",
"11월","명동-남대문-북창","","18.9","20.2","34.1","35.2",
"11월","제주","","0","","7.3","9.4",
"11월","신촌/홍대주변","","4.4","5.9","6.6","7.8",
"11월","종로-청계","","0","","6.7","6.1",
"11월","동대문 패션타운","","5.6","5.5","5.3","3.2",
"11월","해운대 일대","","0","3.8","4","3.8",
"11월","강남역","","2.8","4.6","3.5","3.9",
"11월","잠실","","0","2.1","2","1.7",
"11월","춘천(남이섬)","","0","","2.7","1.7",
"11월","코엑스 (강남 코엑스)","","0","","","1.6",
"11월","이태원","","0","2.2","2.5","",
"11월","청계천/광화문광장","","4.3","","","",
"11월","제주민속촌","","0","","","",
"11월","이기대/오륙도","","7","","","",
"11월","섭지코지","","0","","","",
"11월","거제(바람의언덕,외도)","","6.1","","","",
"11월","태종대","","2.3","","","",
"11월","용궁사/기장","","1.8","","","",
"11월","감천문화마을","","1.7","","","",
"11월","경주(불국사,보문관광단지,양봉마을)","","4.8","","","",
"11월","스키장(용평리조트/피닉스파크/비발디파크)","","100","","","",
"11월","남산/N서울타워","","","5.3","","",
"11월","인사동","","","1.9","","",
"11월","고궁","","","8.5","","",
"12월","사례수","","937","1195","","",
"12월","명동-남대문-북창","","20.9","18.3","32.8","33.3",
"12월","제주","","0","","7.9","9.6",
"12월","신촌/홍대주변","","4.9","6","6.8","5.5",
"12월","종로-청계","","0","","4.4","4.2",
"12월","동대문 패션타운","","4.6","6.5","4.7","4.4",
"12월","해운대 일대","","0","4.7","3.8","4.3",
"12월","강남역","","1.7","2.5","3.4","5.2",
"12월","잠실","","0","1.6","3.6","2.1",
"12월","춘천(남이섬)","","0","","3","2.6",
"12월","코엑스 (강남 코엑스)","","0","","",".9",
"12월","이태원","","0","2.6","1.3","",
"12월","청계천/광화문광장","","3.1","","","",
"12월","제주민속촌","","0","","","",
"12월","이기대/오륙도","","5.5","","","",
"12월","섭지코지","","0","","","",
"12월","거제(바람의언덕,외도)","","5.9","","","",
"12월","태종대","","2.9","","","",
"12월","용궁사/기장","","2.1","","","",
"12월","감천문화마을","","3.5","","","",
"12월","경주(불국사,보문관광단지,양봉마을)","","3.6","","","",
"12월","스키장(용평리조트/피닉스파크/비발디파크)","","100","","","",
"12월","남산/N서울타워","","","4","","",
"12월","인사동","","","1.3","","",
"12월","고궁","","","9.5","","",
"일본","사례수","","1763","2615","","",
"일본","명동-남대문-북창","","19.1","24.5","34.4","36.5",
"일본","제주","","0","","2.3","1.7",
"일본","신촌/홍대주변","","5.9","6.8","8.3","9.9",
"일본","종로-청계","","0","","3.4","2.4",
"일본","동대문 패션타운","","7.4","6","4.7","3.8",
"일본","해운대 일대","","0","4.3","5.8","4.7",
"일본","강남역","","4.4","4.8","4.9","5",
"일본","잠실","","0","1.1","1.8","1.7",
"일본","춘천(남이섬)","","0","",".6",".4",
"일본","코엑스 (강남 코엑스)","","0","","","2.8",
"일본","이태원","","0",".9","1.2","",
"일본","청계천/광화문광장","","9","","","",
"일본","제주민속촌","","0","","","",
"일본","이기대/오륙도","","2.7","","","",
"일본","섭지코지","","0","","","",
"일본","거제(바람의언덕,외도)","","1.1","","","",
"일본","태종대","",".2","","","",
"일본","용궁사/기장","","1.3","","","",
"일본","감천문화마을","",".2","","","",
"일본","경주(불국사,보문관광단지,양봉마을)","",".4","","","",
"일본","스키장(용평리조트/피닉스파크/비발디파크)","","100","","","",
"일본","남산/N서울타워","","","1.3","","",
"일본","인사동","","","3.6","","",
"일본","고궁","","","3.7","","",
"중국","사례수","","6020","4585","","",
"중국","명동-남대문-북창","","20.5","22.8","48.8","45.7",
"중국","제주","","0","","12.2","16.2",
"중국","신촌/홍대주변","","3.6","4.4","4.1","4",
"중국","종로-청계","","0","","1.7","2.2",
"중국","동대문 패션타운","","4.7","7.2","6.4","5",
"중국","해운대 일대","","0","2.5","2.7","2.2",
"중국","강남역","","1.4","2.7","2.5","1.5",
"중국","잠실","","0","2.7","2.3","2.9",
"중국","춘천(남이섬)","","0","",".5",".4",
"중국","코엑스 (강남 코엑스)","","0","","",".4",
"중국","이태원","","0","1.2","1","",
"중국","청계천/광화문광장","",".9","","","",
"중국","제주민속촌","",".2","","","",
"중국","이기대/오륙도","","5.6","","","",
"중국","섭지코지","","0","","","",
"중국","거제(바람의언덕,외도)","","7.7","","","",
"중국","태종대","","4.4","","","",
"중국","용궁사/기장","","4","","","",
"중국","감천문화마을","","4","","","",
"중국","경주(불국사,보문관광단지,양봉마을)","","10.9","","","",
"중국","스키장(용평리조트/피닉스파크/비발디파크)","","100","","","",
"중국","남산/N서울타워","","","6.5","","",
"중국","인사동","","","1.8","","",
"중국","고궁","","","4.9","","",
"홍콩","사례수","","499","743","","",
"홍콩","명동-남대문-북창","","23.2","24.7","35.3","30.7",
"홍콩","제주","","0","","5.4","8.3",
"홍콩","신촌/홍대주변","","11.6","7.4","11","12.7",
"홍콩","종로-청계","","0","","5.5","6.4",
"홍콩","동대문 패션타운","","9","7.8","5.9","6.3",
"홍콩","해운대 일대","","0","2","2.9","2.9",
"홍콩","강남역","","3","3.8","4.2","4.6",
"홍콩","잠실","","0","2","2.1","2.4",
"홍콩","춘천(남이섬)","","0","","3.6","3.4",
"홍콩","코엑스 (강남 코엑스)","","0","","","3.3",
"홍콩","이태원","","0","1","2","",
"홍콩","청계천/광화문광장","","1.7","","","",
"홍콩","제주민속촌","","0","","","",
"홍콩","이기대/오륙도","","3.7","","","",
"홍콩","섭지코지","","0","","","",
"홍콩","거제(바람의언덕,외도)","","4.5","","","",
"홍콩","태종대","","1","","","",
"홍콩","용궁사/기장","","1.9","","","",
"홍콩","감천문화마을","",".3","","","",
"홍콩","경주(불국사,보문관광단지,양봉마을)","","1.7","","","",
"홍콩","스키장(용평리조트/피닉스파크/비발디파크)","","100","","","",
"홍콩","남산/N서울타워","","","4.4","","",
"홍콩","인사동","","","2.9","","",
"홍콩","고궁","","","6.7","","",
"싱가포르","사례수","","158","228","","",
"싱가포르","명동-남대문-북창","","22.1","22.3","27.3","28",
"싱가포르","제주","","0","","8.8","7",
"싱가포르","신촌/홍대주변","","5","3.7","7.4","5.2",
"싱가포르","종로-청계","","0","","7.6","9.6",
"싱가포르","동대문 패션타운","","4.8","2.6","2.7","2.8",
"싱가포르","해운대 일대","","0","5.3","2.9","1",
"싱가포르","강남역","","3.6","2.3","4.8","7",
"싱가포르","잠실","","0","1.8","1.8","3.9",
"싱가포르","춘천(남이섬)","","0","","5.1","7",
"싱가포르","코엑스 (강남 코엑스)","","0","","","2.1",
"싱가포르","이태원","","0","2.6","2.5","",
"싱가포르","청계천/광화문광장","","4.4","","","",
"싱가포르","제주민속촌","","0","","","",
"싱가포르","이기대/오륙도","","9","","","",
"싱가포르","섭지코지","","0","","","",
"싱가포르","거제(바람의언덕,외도)","","2.8","","","",
"싱가포르","태종대","",".5","","","",
"싱가포르","용궁사/기장","","1.7","","","",
"싱가포르","감천문화마을","","1.5","","","",
"싱가포르","경주(불국사,보문관광단지,양봉마을)","","2.8","","","",
"싱가포르","스키장(용평리조트/피닉스파크/비발디파크)","","100","","","",
"싱가포르","남산/N서울타워","","","3.9","","",
"싱가포르","인사동","","","3.2","","",
"싱가포르","고궁","","","11.8","","",
"대만","사례수","","639","1049","","",
"대만","명동-남대문-북창","","17.7","16.7","31.4","30.3",
"대만","제주","","0","","2.9","3.1",
"대만","신촌/홍대주변","","4.2","5","7.7","7.5",
"대만","종로-청계","","0","","3.6","4.4",
"대만","동대문 패션타운","","11","7.7","6.9","5.7",
"대만","해운대 일대","","0","5.4","5.6","6.8",
"대만","강남역","",".4","1.2","1","1.3",
"대만","잠실","","0","2","2.1","2.8",
"대만","춘천(남이섬)","","0","","5.9","3.5",
"대만","코엑스 (강남 코엑스)","","0","","",".7",
"대만","이태원","","0","1.3","2.3","",
"대만","청계천/광화문광장","",".9","","","",
"대만","제주민속촌","","0","","","",
"대만","이기대/오륙도","","5.3","","","",
"대만","섭지코지","","0","","","",
"대만","거제(바람의언덕,외도)","","7.6","","","",
"대만","태종대","",".4","","","",
"대만","용궁사/기장","","3.3","","","",
"대만","감천문화마을","",".4","","","",
"대만","경주(불국사,보문관광단지,양봉마을)","",".8","","","",
"대만","스키장(용평리조트/피닉스파크/비발디파크)","","100","","","",
"대만","남산/N서울타워","","","7.2","","",
"대만","인사동","","","1.9","","",
"대만","고궁","","","5.6","","",
"태국","사례수","","324","510","","",
"태국","명동-남대문-북창","","13.6","19","28.9","21.9",
"태국","제주","","0","","5.8","10.1",
"태국","신촌/홍대주변","","7.8","10.3","12.1","5.5",
"태국","종로-청계","","0","","4.9","4.3",
"태국","동대문 패션타운","","5.4","3.5","3.4","2.8",
"태국","해운대 일대","","0","3.6","3.3","4.7",
"태국","강남역","","3","3.8","3.1","2.2",
"태국","잠실","","0","1.7","2.5","3.8",
"태국","춘천(남이섬)","","0","","3.6","4.9",
"태국","코엑스 (강남 코엑스)","","0","","",".5",
"태국","이태원","","0","1.1","3.2","",
"태국","청계천/광화문광장","","1.4","","","",
"태국","제주민속촌","","0","","","",
"태국","이기대/오륙도","","13.9","","","",
"태국","섭지코지","","0","","","",
"태국","거제(바람의언덕,외도)","","6.6","","","",
"태국","태종대","",".2","","","",
"태국","용궁사/기장","","1.1","","","",
"태국","감천문화마을","","3.5","","","",
"태국","경주(불국사,보문관광단지,양봉마을)","","2.5","","","",
"태국","스키장(용평리조트/피닉스파크/비발디파크)","","100","","","",
"태국","남산/N서울타워","","","4.5","","",
"태국","인사동","","","1.2","","",
"태국","고궁","","","21.5","","",
"말레이시아","사례수","","223","328","","",
"말레이시아","명동-남대문-북창","","19","16.8","31.1","25",
"말레이시아","제주","","0","","14","15.8",
"말레이시아","신촌/홍대주변","","4.2","1.7","3.3","3.9",
"말레이시아","종로-청계","","0","","4.4","6.3",
"말레이시아","동대문 패션타운","","5.1","5.4","2.6","3",
"말레이시아","해운대 일대","","0","3","3.3","6",
"말레이시아","강남역","","3.1","1.1","1.2","2.1",
"말레이시아","잠실","","0",".8","2.3","2.4",
"말레이시아","춘천(남이섬)","","0","","10.1","11.9",
"말레이시아","코엑스 (강남 코엑스)","","0","","","1.9",
"말레이시아","이태원","","0","2.5","3.4","",
"말레이시아","청계천/광화문광장","","1.5","","","",
"말레이시아","제주민속촌","","0","","","",
"말레이시아","이기대/오륙도","","5.3","","","",
"말레이시아","섭지코지","","0","","","",
"말레이시아","거제(바람의언덕,외도)","","4.5","","","",
"말레이시아","태종대","","1.1","","","",
"말레이시아","용궁사/기장","","1.1","","","",
"말레이시아","감천문화마을","",".5","","","",
"말레이시아","경주(불국사,보문관광단지,양봉마을)","","2.4","","","",
"말레이시아","스키장(용평리조트/피닉스파크/비발디파크)","","100","","","",
"말레이시아","남산/N서울타워","","","5.9","","",
"말레이시아","인사동","","","1.7","","",
"말레이시아","고궁","","","14.5","","",
"호주","사례수","","115","167","","",
"호주","명동-남대문-북창","","8.4","9.5","18.8","21.7",
"호주","제주","","0","","3.5","1.8",
"호주","신촌/홍대주변","","6","7.3","7.1","7.2",
"호주","종로-청계","","0","","16.1","13.1",
"호주","동대문 패션타운","","4.1","1.7","2.1","3",
"호주","해운대 일대","","0","2.8","1.9","4.3",
"호주","강남역","","8.2","7.3","7.1","6.9",
"호주","잠실","","0","4.1","3.4","4.6",
"호주","춘천(남이섬)","","0","","2",".2",
"호주","코엑스 (강남 코엑스)","","0","","","4.2",
"호주","이태원","","0","2.4","3.4","",
"호주","청계천/광화문광장","","8.3","","","",
"호주","제주민속촌","","0","","","",
"호주","이기대/오륙도","","10.6","","","",
"호주","섭지코지","","0","","","",
"호주","거제(바람의언덕,외도)","","3.2","","","",
"호주","태종대","",".6","","","",
"호주","용궁사/기장","",".7","","","",
"호주","감천문화마을","","1","","","",
"호주","경주(불국사,보문관광단지,양봉마을)","",".9","","","",
"호주","스키장(용평리조트/피닉스파크/비발디파크)","","100","","","",
"호주","남산/N서울타워","","","3.1","","",
"호주","인사동","","","3","","",
"호주","고궁","","","18","","",
"미국","사례수","","630","933","","",
"미국","명동-남대문-북창","","4.9","6.3","18.7","21",
"미국","제주","","0","","3.1","2.1",
"미국","신촌/홍대주변","","5.4","5.1","4.9","5.2",
"미국","종로-청계","","0","","15.4","16.6",
"미국","동대문 패션타운","","3.3","2.4","1.6","1.9",
"미국","해운대 일대","","0","3.3","3.3","4",
"미국","강남역","","5.6","5.3","6.8","6.6",
"미국","잠실","","0","2","2.7","4.6",
"미국","춘천(남이섬)","","0","",".4","1.3",
"미국","코엑스 (강남 코엑스)","","0","","","3.8",
"미국","이태원","","0","6.8","6.3","",
"미국","청계천/광화문광장","","7.5","","","",
"미국","제주민속촌","","0","","","",
"미국","이기대/오륙도","","14.8","","","",
"미국","섭지코지","","0","","","",
"미국","거제(바람의언덕,외도)","","4.9","","","",
"미국","태종대","",".2","","","",
"미국","용궁사/기장","","1.4","","","",
"미국","감천문화마을","",".9","","","",
"미국","경주(불국사,보문관광단지,양봉마을)","",".6","","","",
"미국","스키장(용평리조트/피닉스파크/비발디파크)","","100","","","",
"미국","남산/N서울타워","","","4.9","","",
"미국","인사동","","","2.3","","",
"미국","고궁","","","17.3","","",
"캐나다","사례수","","126","186","","",
"캐나다","명동-남대문-북창","","9","8.2","23.6","18.9",
"캐나다","제주","","0","","5.2","3.4",
"캐나다","신촌/홍대주변","","3.9","4","5.8","6.2",
"캐나다","종로-청계","","0","","14.7","19.6",
"캐나다","동대문 패션타운","","3.4","2.5","1.6","2.4",
"캐나다","해운대 일대","","0","4.4","3.8","4",
"캐나다","강남역","","5.4","3.3","4.1","3.1",
"캐나다","잠실","","0","3.9","1.8","4.5",
"캐나다","춘천(남이섬)","","0","","1.7",".7",
"캐나다","코엑스 (강남 코엑스)","","0","","","3.6",
"캐나다","이태원","","0","2.7","4.1","",
"캐나다","청계천/광화문광장","","6.7","","","",
"캐나다","제주민속촌","","0","","","",
"캐나다","이기대/오륙도","","14.7","","","",
"캐나다","섭지코지","","0","","","",
"캐나다","거제(바람의언덕,외도)","","3.3","","","",
"캐나다","태종대","",".7","","","",
"캐나다","용궁사/기장","",".5","","","",
"캐나다","감천문화마을","","1.4","","","",
"캐나다","경주(불국사,보문관광단지,양봉마을)","","1.8","","","",
"캐나다","스키장(용평리조트/피닉스파크/비발디파크)","","100","","","",
"캐나다","남산/N서울타워","","","4.6","","",
"캐나다","인사동","","","3","","",
"캐나다","고궁","","","19.5","","",
"영국","사례수","","91","132","","",
"영국","명동-남대문-북창","","6.1","6.6","18.6","15.3",
"영국","제주","","0","","5.3","2.8",
"영국","신촌/홍대주변","","3","4.2","5.6","4.1",
"영국","종로-청계","","0","","14.1","16.3",
"영국","동대문 패션타운","","2.4","1.9","2","1.9",
"영국","해운대 일대","","0","5.6","3.9","7.8",
"영국","강남역","","7.3","5.9","10","9.2",
"영국","잠실","","0","2.8","3.2","2.8",
"영국","춘천(남이섬)","","0","",".9",".2",
"영국","코엑스 (강남 코엑스)","","0","","","3.5",
"영국","이태원","","0","3.4","2.1","",
"영국","청계천/광화문광장","","8.4","","","",
"영국","제주민속촌","","0","","","",
"영국","이기대/오륙도","","11","","","",
"영국","섭지코지","","0","","","",
"영국","거제(바람의언덕,외도)","","4.6","","","",
"영국","태종대","",".8","","","",
"영국","용궁사/기장","","1.2","","","",
"영국","감천문화마을","",".8","","","",
"영국","경주(불국사,보문관광단지,양봉마을)","",".3","","","",
"영국","스키장(용평리조트/피닉스파크/비발디파크)","","100","","","",
"영국","남산/N서울타워","","","4.5","","",
"영국","인사동","","","2.3","","",
"영국","고궁","","","15.7","","",
"독일","사례수","","77","112","","",
"독일","명동-남대문-북창","","2.7","5","15.5","12.1",
"독일","제주","","0","","2.6","3.4",
"독일","신촌/홍대주변","","3.4","4.9","7","5.7",
"독일","종로-청계","","0","","10.1","14.1",
"독일","동대문 패션타운","","3.5","1.8","1.9","2.2",
"독일","해운대 일대","","0","4.7","6.9","3.6",
"독일","강남역","","9.4","5.2","6.6","8.3",
"독일","잠실","","0","1","3","4.9",
"독일","춘천(남이섬)","","0","","0","0",
"독일","코엑스 (강남 코엑스)","","0","","","2.2",
"독일","이태원","","0","3.8","3.9","",
"독일","청계천/광화문광장","","6.6","","","",
"독일","제주민속촌","","0","","","",
"독일","이기대/오륙도","","12.7","","","",
"독일","섭지코지","","0","","","",
"독일","거제(바람의언덕,외도)","","4.7","","","",
"독일","태종대","",".5","","","",
"독일","용궁사/기장","","1.4","","","",
"독일","감천문화마을","",".9","","","",
"독일","경주(불국사,보문관광단지,양봉마을)","","1.8","","","",
"독일","스키장(용평리조트/피닉스파크/비발디파크)","","100","","","",
"독일","남산/N서울타워","","","4.8","","",
"독일","인사동","","","2","","",
"독일","고궁","","","13.4","","",
"프랑스","사례수","","66","97","","",
"프랑스","명동-남대문-북창","","4.4","2.4","21.7","16.8",
"프랑스","제주","","0","","4.6","4.2",
"프랑스","신촌/홍대주변","","4.9","5.3","8.9","8.6",
"프랑스","종로-청계","","0","","14.4","18.5",
"프랑스","동대문 패션타운","","3","2","1.8","1.7",
"프랑스","해운대 일대","","0","4.1","4.1","3.6",
"프랑스","강남역","","7.3","10.9","7.6","7.8",
"프랑스","잠실","","0","0","3.2","5.3",
"프랑스","춘천(남이섬)","","0","",".2",".4",
"프랑스","코엑스 (강남 코엑스)","","0","","","2.4",
"프랑스","이태원","","0","5.9","2.6","",
"프랑스","청계천/광화문광장","","6.6","","","",
"프랑스","제주민속촌","",".3","","","",
"프랑스","이기대/오륙도","","11.4","","","",
"프랑스","섭지코지","","0","","","",
"프랑스","거제(바람의언덕,외도)","","4.1","","","",
"프랑스","태종대","","1.2","","","",
"프랑스","용궁사/기장","","1.3","","","",
"프랑스","감천문화마을","","1.2","","","",
"프랑스","경주(불국사,보문관광단지,양봉마을)","",".7","","","",
"프랑스","스키장(용평리조트/피닉스파크/비발디파크)","","100","","","",
"프랑스","남산/N서울타워","","","5.1","","",
"프랑스","인사동","","","3","","",
"프랑스","고궁","","","18.8","","",
"러시아","사례수","","138","246","","",
"러시아","명동-남대문-북창","","7","5.8","24.5","15.6",
"러시아","제주","","0","","2.4","3.4",
"러시아","신촌/홍대주변","","2.4","1.7","2.9","3.1",
"러시아","종로-청계","","0","","7.3","4.2",
"러시아","동대문 패션타운","","6.8","4.8","5.5","3.4",
"러시아","해운대 일대","","0","8.5","10.1","7.9",
"러시아","강남역","","6.1","2.9","6.2","7.1",
"러시아","잠실","","0","3.6","5.1","11.2",
"러시아","춘천(남이섬)","","0","",".3",".2",
"러시아","코엑스 (강남 코엑스)","","0","","","5.4",
"러시아","이태원","","0","2.1","2.9","",
"러시아","청계천/광화문광장","","4.6","","","",
"러시아","제주민속촌","","0","","","",
"러시아","이기대/오륙도","","15.8","","","",
"러시아","섭지코지","","0","","","",
"러시아","거제(바람의언덕,외도)","","4.5","","","",
"러시아","태종대","","0","","","",
"러시아","용궁사/기장","","2.9","","","",
"러시아","감천문화마을","",".9","","","",
"러시아","경주(불국사,보문관광단지,양봉마을)","","1","","","",
"러시아","스키장(용평리조트/피닉스파크/비발디파크)","","100","","","",
"러시아","남산/N서울타워","","","4.8","","",
"러시아","인사동","","","1.6","","",
"러시아","고궁","","","18.9","","",
"중동전체","사례수","","135","226","","",
"중동전체","명동-남대문-북창","","5.4","8.3","19.1","19.6",
"중동전체","제주","","0","","2.7","4",
"중동전체","신촌/홍대주변","","1.4","3.1","5.6","3",
"중동전체","종로-청계","","0","","9.2","10.6",
"중동전체","동대문 패션타운","","30.7","8.3","7.5","6.3",
"중동전체","해운대 일대","","0","7.1","5.7","3.3",
"중동전체","강남역","","4.4","5.5","5.2","10.7",
"중동전체","잠실","","0","3.2","6.9","6.2",
"중동전체","춘천(남이섬)","","0","","1.3",".7",
"중동전체","코엑스 (강남 코엑스)","","0","","","4",
"중동전체","이태원","","0","4.8","2.9","",
"중동전체","청계천/광화문광장","","7.6","","","",
"중동전체","제주민속촌","","0","","","",
"중동전체","이기대/오륙도","","9.1","","","",
"중동전체","섭지코지","","0","","","",
"중동전체","거제(바람의언덕,외도)","","1.7","","","",
"중동전체","태종대","","0","","","",
"중동전체","용궁사/기장","","2.6","","","",
"중동전체","감천문화마을","",".9","","","",
"중동전체","경주(불국사,보문관광단지,양봉마을)","","0","","","",
"중동전체","스키장(용평리조트/피닉스파크/비발디파크)","","100","","","",
"중동전체","남산/N서울타워","","","6.1","","",
"중동전체","인사동","","",".6","","",
"중동전체","고궁","","","11","","",
"중앙아시아","사례수","","0","","","",
"중앙아시아","명동-남대문-북창","","0","","","14.9",
"중앙아시아","제주","","0","","","4.8",
"중앙아시아","신촌/홍대주변","","0","","","2.6",
"중앙아시아","종로-청계","","0","","","8.7",
"중앙아시아","동대문 패션타운","","0","","","7.5",
"중앙아시아","해운대 일대","","0","","","4.6",
"중앙아시아","강남역","","0","","","9",
"중앙아시아","잠실","","0","","","8.3",
"중앙아시아","춘천(남이섬)","","0","","",".2",
"중앙아시아","코엑스 (강남 코엑스)","","0","","","3.8",
"중앙아시아","이태원","","0","","","",
"중앙아시아","청계천/광화문광장","","0","","","",
"중앙아시아","제주민속촌","","0","","","",
"중앙아시아","이기대/오륙도","","0","","","",
"중앙아시아","섭지코지","","0","","","",
"중앙아시아","거제(바람의언덕,외도)","","0","","","",
"중앙아시아","태종대","","0","","","",
"중앙아시아","용궁사/기장","","0","","","",
"중앙아시아","감천문화마을","","0","","","",
"중앙아시아","경주(불국사,보문관광단지,양봉마을)","","0","","","",
"중앙아시아","스키장(용평리조트/피닉스파크/비발디파크)","","0","","","",
"GCC","사례수","","0","","","",
"GCC","명동-남대문-북창","","0","","","20.7",
"GCC","제주","","0","","","6.4",
"GCC","신촌/홍대주변","","0","","","3.7",
"GCC","종로-청계","","0","","","13.2",
"GCC","동대문 패션타운","","0","","","2",
"GCC","해운대 일대","","0","","","2.2",
"GCC","강남역","","0","","","9.7",
"GCC","잠실","","0","","","4.5",
"GCC","춘천(남이섬)","","0","","","3.7",
"GCC","코엑스 (강남 코엑스)","","0","","","5.1",
"GCC","이태원","","0","","","",
"GCC","청계천/광화문광장","","0","","","",
"GCC","제주민속촌","","0","","","",
"GCC","이기대/오륙도","","0","","","",
"GCC","섭지코지","","0","","","",
"GCC","거제(바람의언덕,외도)","","0","","","",
"GCC","태종대","","0","","","",
"GCC","용궁사/기장","","0","","","",
"GCC","감천문화마을","","0","","","",
"GCC","경주(불국사,보문관광단지,양봉마을)","","0","","","",
"GCC","스키장(용평리조트/피닉스파크/비발디파크)","","0","","","",
"기타중동","사례수","","0","","","",
"기타중동","명동-남대문-북창","","0","","","32.5",
"기타중동","제주","","0","","","0",
"기타중동","신촌/홍대주변","","0","","","3.5",
"기타중동","종로-청계","","0","","","14.3",
"기타중동","동대문 패션타운","","0","","","5.7",
"기타중동","해운대 일대","","0","","",".4",
"기타중동","강남역","","0","","","16.7",
"기타중동","잠실","","0","","","1.1",
"기타중동","춘천(남이섬)","","0","","","0",
"기타중동","코엑스 (강남 코엑스)","","0","","","3.8",
"기타중동","이태원","","0","","","",
"기타중동","청계천/광화문광장","","0","","","",
"기타중동","제주민속촌","","0","","","",
"기타중동","이기대/오륙도","","0","","","",
"기타중동","섭지코지","","0","","","",
"기타중동","거제(바람의언덕,외도)","","0","","","",
"기타중동","태종대","","0","","","",
"기타중동","용궁사/기장","","0","","","",
"기타중동","감천문화마을","","0","","","",
"기타중동","경주(불국사,보문관광단지,양봉마을)","","0","","","",
"기타중동","스키장(용평리조트/피닉스파크/비발디파크)","","0","","","",
"인도","사례수","","57","85","","",
"인도","명동-남대문-북창","","5.4","4.6","15.9","15.6",
"인도","제주","","0","","1.8","1",
"인도","신촌/홍대주변","","1.4","1.8","2.1","1.7",
"인도","종로-청계","","0","","8.7","11.5",
"인도","동대문 패션타운","","5.5","1.5","3","3.3",
"인도","해운대 일대","","0","5","2","5.7",
"인도","강남역","","9.2","5.6","5.8","5.1",
"인도","잠실","","0","3.7","3.2","3.8",
"인도","춘천(남이섬)","","0","",".3",".3",
"인도","코엑스 (강남 코엑스)","","0","","","5.2",
"인도","이태원","","0","3.1","4.1","",
"인도","청계천/광화문광장","","8.9","","","",
"인도","제주민속촌","","0","","","",
"인도","이기대/오륙도","","11.2","","","",
"인도","섭지코지","","0","","","",
"인도","거제(바람의언덕,외도)","","4.2","","","",
"인도","태종대","","0","","","",
"인도","용궁사/기장","","2.1","","","",
"인도","감천문화마을","",".5","","","",
"인도","경주(불국사,보문관광단지,양봉마을)","","0","","","",
"인도","스키장(용평리조트/피닉스파크/비발디파크)","","100","","","",
"인도","남산/N서울타워","","","4.3","","",
"인도","인사동","","","1.2","","",
"인도","고궁","","","8.6","","",
"필리핀","사례수","","0","284","","",
"필리핀","명동-남대문-북창","","0","16","27.1","25.2",
"필리핀","제주","","0","","3.1","1.7",
"필리핀","신촌/홍대주변","","0","1.7","2.5","2.1",
"필리핀","종로-청계","","0","","8","8.3",
"필리핀","동대문 패션타운","","0","2.2","2.8","1.1",
"필리핀","해운대 일대","","0","2.5","2.2","2.2",
"필리핀","강남역","","0","1.2","2.1","2.7",
"필리핀","잠실","","0","1.2","1.1","3.5",
"필리핀","춘천(남이섬)","","0","","16.9","20.7",
"필리핀","코엑스 (강남 코엑스)","","0","","","1.7",
"필리핀","이태원","","0",".5","2.2","",
"필리핀","청계천/광화문광장","","0","","","",
"필리핀","제주민속촌","","0","","","",
"필리핀","이기대/오륙도","","0","","","",
"필리핀","섭지코지","","0","","","",
"필리핀","거제(바람의언덕,외도)","","0","","","",
"필리핀","태종대","","0","","","",
"필리핀","용궁사/기장","","0","","","",
"필리핀","감천문화마을","","0","","","",
"필리핀","경주(불국사,보문관광단지,양봉마을)","","0","","","",
"필리핀","스키장(용평리조트/피닉스파크/비발디파크)","","100","","","",
"필리핀","남산/N서울타워","","","8.2","","",
"필리핀","인사동","","","1.9","","",
"필리핀","고궁","","","16.6","","",
"인도네시아","사례수","","0","195","","",
"인도네시아","명동-남대문-북창","","0","14.1","33.8","26.3",
"인도네시아","제주","","0","","5.3","2.1",
"인도네시아","신촌/홍대주변","","0","2.1","3.3","4.1",
"인도네시아","종로-청계","","0","","6","9.3",
"인도네시아","동대문 패션타운","","0","3.5","4.2","4.2",
"인도네시아","해운대 일대","","0","1.5","2.9","2.9",
"인도네시아","강남역","","0","1.3","2.1","2.1",
"인도네시아","잠실","","0","0","2.7","2.8",
"인도네시아","춘천(남이섬)","","0","","10.7","14.4",
"인도네시아","코엑스 (강남 코엑스)","","0","","","1.4",
"인도네시아","이태원","","0","1.5","1.6","",
"인도네시아","청계천/광화문광장","","0","","","",
"인도네시아","제주민속촌","","0","","","",
"인도네시아","이기대/오륙도","","0","","","",
"인도네시아","섭지코지","","0","","","",
"인도네시아","거제(바람의언덕,외도)","","0","","","",
"인도네시아","태종대","","0","","","",
"인도네시아","용궁사/기장","","0","","","",
"인도네시아","감천문화마을","","0","","","",
"인도네시아","경주(불국사,보문관광단지,양봉마을)","","0","","","",
"인도네시아","스키장(용평리조트/피닉스파크/비발디파크)","","100","","","",
"인도네시아","남산/N서울타워","","","7.9","","",
"인도네시아","인사동","","","1.6","","",
"인도네시아","고궁","","","18.9","","",
"베트남","사례수","","0","332","","",
"베트남","명동-남대문-북창","","0","4.8","26.8","19.6",
"베트남","제주","","0","","4","3.9",
"베트남","신촌/홍대주변","","0",".5","2.5","3",
"베트남","종로-청계","","0","","10.1","7.8",
"베트남","동대문 패션타운","","0","6.9","3.3","6.5",
"베트남","해운대 일대","","0","2.4","4.5","3.4",
"베트남","강남역","","0","0","2.6","3.3",
"베트남","잠실","","0","1.3","2.4","4",
"베트남","춘천(남이섬)","","0","","10.7","10.6",
"베트남","코엑스 (강남 코엑스)","","0","","","1.8",
"베트남","이태원","","0",".3","2.6","",
"베트남","청계천/광화문광장","","0","","","",
"베트남","제주민속촌","","0","","","",
"베트남","이기대/오륙도","","0","","","",
"베트남","섭지코지","","0","","","",
"베트남","거제(바람의언덕,외도)","","0","","","",
"베트남","태종대","","0","","","",
"베트남","용궁사/기장","","0","","","",
"베트남","감천문화마을","","0","","","",
"베트남","경주(불국사,보문관광단지,양봉마을)","","0","","","",
"베트남","스키장(용평리조트/피닉스파크/비발디파크)","","100","","","",
"베트남","남산/N서울타워","","","5.3","","",
"베트남","인사동","","","3","","",
"베트남","고궁","","","18.1","","",
"몽골","사례수","","0","","","",
"몽골","명동-남대문-북창","","0","","29.3","23.2",
"몽골","제주","","0","","2.5","1.5",
"몽골","신촌/홍대주변","","0","","1.2","2.7",
"몽골","종로-청계","","0","","4.6","6.4",
"몽골","동대문 패션타운","","0","","18.1","11.7",
"몽골","해운대 일대","","0","","4.2","2.2",
"몽골","강남역","","0","","2.2","2.2",
"몽골","잠실","","0","","3.1","7.5",
"몽골","춘천(남이섬)","","0","",".2",".4",
"몽골","코엑스 (강남 코엑스)","","0","","","1.8",
"몽골","이태원","","0","","1.7","",
"몽골","청계천/광화문광장","","0","","","",
"몽골","제주민속촌","","0","","","",
"몽골","이기대/오륙도","","0","","","",
"몽골","섭지코지","","0","","","",
"몽골","거제(바람의언덕,외도)","","0","","","",
"몽골","태종대","","0","","","",
"몽골","용궁사/기장","","0","","","",
"몽골","감천문화마을","","0","","","",
"몽골","경주(불국사,보문관광단지,양봉마을)","","0","","","",
"몽골","스키장(용평리조트/피닉스파크/비발디파크)","","0","","","",
"기타","사례수","","944","787","","",
"기타","명동-남대문-북창","","11","6.8","20.7","19.8",
"기타","제주","","0","","7.3","3.9",
"기타","신촌/홍대주변","","2.2","4.1","5.3","7.4",
"기타","종로-청계","","0","","15.4","14.2",
"기타","동대문 패션타운","","3.3","1.2","2.4","3.5",
"기타","해운대 일대","","0","6","4.3","7.6",
"기타","강남역","","6.7","5.1","7.3","3.6",
"기타","잠실","","0","1.2","3.3","3.6",
"기타","춘천(남이섬)","","0","",".3","1.7",
"기타","코엑스 (강남 코엑스)","","0","","","2.3",
"기타","이태원","","0","5.3","3.4","",
"기타","청계천/광화문광장","","5.8","","","",
"기타","제주민속촌","","0","","","",
"기타","이기대/오륙도","","16.8","","","",
"기타","섭지코지","","0","","","",
"기타","거제(바람의언덕,외도)","","5.2","","","",
"기타","태종대","",".2","","","",
"기타","용궁사/기장","","2.4","","","",
"기타","감천문화마을","",".8","","","",
"기타","경주(불국사,보문관광단지,양봉마을)","",".6","","","",
"기타","스키장(용평리조트/피닉스파크/비발디파크)","","100","","","",
"기타","남산/N서울타워","","","3.3","","",
"기타","인사동","","","2.4","","",
"기타","고궁","","","22.1","","",
"남성","사례수","","4960","6217","","",
"남성","명동-남대문-북창","","16","15","31.5","30.8",
"남성","제주","","0","","6.5","7.1",
"남성","신촌/홍대주변","","3","3.5","4.3","4.2",
"남성","종로-청계","","0","","5.7","5.9",
"남성","동대문 패션타운","","5.3","5.1","4.1","4",
"남성","해운대 일대","","0","4.4","4.3","3.9",
"남성","강남역","","4.5","4.4","4.9","4.5",
"남성","잠실","","0","1.9","2","2.9",
"남성","춘천(남이섬)","","0","","2","2.2",
"남성","코엑스 (강남 코엑스)","","0","","","2",
"남성","이태원","","0","2.2","2.2","",
"남성","청계천/광화문광장","","5.1","","","",
"남성","제주민속촌","",".1","","","",
"남성","이기대/오륙도","","8","","","",
"남성","섭지코지","","0","","","",
"남성","거제(바람의언덕,외도)","","5.3","","","",
"남성","태종대","","1.9","","","",
"남성","용궁사/기장","","2.8","","","",
"남성","감천문화마을","","2.5","","","",
"남성","경주(불국사,보문관광단지,양봉마을)","","5.2","","","",
"남성","스키장(용평리조트/피닉스파크/비발디파크)","","100","","","",
"남성","남산/N서울타워","","","4.9","","",
"남성","인사동","","","1.7","","",
"남성","고궁","","","10.7","","",
"여성","사례수","","7043","7624","","",
"여성","명동-남대문-북창","","18.7","21","38.3","36.5",
"여성","제주","","0","","7","9.2",
"여성","신촌/홍대주변","","5.4","6.3","7.3","7.4",
"여성","종로-청계","","0","","5.1","5.1",
"여성","동대문 패션타운","","6","6.1","5.7","4.6",
"여성","해운대 일대","","0","3.1","3.8","3.8",
"여성","강남역","","1.9","2.7","2.9","2.6",
"여성","잠실","","0","2.1","2.6","3.3",
"여성","춘천(남이섬)","","0","","2.6","2.3",
"여성","코엑스 (강남 코엑스)","","0","","","1.6",
"여성","이태원","","0","1.7","2","",
"여성","청계천/광화문광장","","2.1","","","",
"여성","제주민속촌","",".1","","","",
"여성","이기대/오륙도","","6.6","","","",
"여성","섭지코지","","0","","","",
"여성","거제(바람의언덕,외도)","","6.1","","","",
"여성","태종대","","2.7","","","",
"여성","용궁사/기장","","2.9","","","",
"여성","감천문화마을","","2.3","","","",
"여성","경주(불국사,보문관광단지,양봉마을)","","6.5","","","",
"여성","스키장(용평리조트/피닉스파크/비발디파크)","","100","","","",
"여성","남산/N서울타워","","","4.9","","",
"여성","인사동","","","2.8","","",
"여성","고궁","","","8.2","","",
"15~20세","사례수","","730","953","","",
"15~20세","명동-남대문-북창","","23.7","24.1","36.7","40.8",
"15~20세","제주","","0","","6","3.7",
"15~20세","신촌/홍대주변","","8.8","12","12.6","14.6",
"15~20세","종로-청계","","0","","4.4","2.4",
"15~20세","동대문 패션타운","","4.3","5.6","6.3","4.1",
"15~20세","해운대 일대","","0","3","2.8","2.1",
"15~20세","강남역","","1.9","2.6","2.5","1.9",
"15~20세","잠실","","0","2.7","3.4","5.6",
"15~20세","춘천(남이섬)","","0","","2.1","1.5",
"15~20세","코엑스 (강남 코엑스)","","0","","","2",
"15~20세","이태원","","0","1.2","2.1","",
"15~20세","청계천/광화문광장","","1.1","","","",
"15~20세","제주민속촌","","0","","","",
"15~20세","이기대/오륙도","","5.6","","","",
"15~20세","섭지코지","","0","","","",
"15~20세","거제(바람의언덕,외도)","","7.1","","","",
"15~20세","태종대","","2.5","","","",
"15~20세","용궁사/기장","","5.6","","","",
"15~20세","감천문화마을","","2.1","","","",
"15~20세","경주(불국사,보문관광단지,양봉마을)","","4.6","","","",
"15~20세","스키장(용평리조트/피닉스파크/비발디파크)","","100","","","",
"15~20세","남산/N서울타워","","","5.9","","",
"15~20세","인사동","","","2.3","","",
"15~20세","고궁","","","8.1","","",
"21~30세","사례수","","5231","5655","","",
"21~30세","명동-남대문-북창","","18.8","20.7","36.4","33.7",
"21~30세","제주","","0","","6.9","8.7",
"21~30세","신촌/홍대주변","","6.2","7.1","9.6","10",
"21~30세","종로-청계","","0","","4.6","4.5",
"21~30세","동대문 패션타운","","4.5","5.2","4.9","4.6",
"21~30세","해운대 일대","","0","2.6","4","4.7",
"21~30세","강남역","","2.2","2.7","3.5","3.2",
"21~30세","잠실","","0","2.2","2.3","3.4",
"21~30세","춘천(남이섬)","","0","","1.8","2.1",
"21~30세","코엑스 (강남 코엑스)","","0","","","1.4",
"21~30세","이태원","","0","2.1","2.4","",
"21~30세","청계천/광화문광장","","1.7","","","",
"21~30세","제주민속촌","",".2","","","",
"21~30세","이기대/오륙도","","6.3","","","",
"21~30세","섭지코지","","0","","","",
"21~30세","거제(바람의언덕,외도)","","6.9","","","",
"21~30세","태종대","","3.5","","","",
"21~30세","용궁사/기장","","2.7","","","",
"21~30세","감천문화마을","","3","","","",
"21~30세","경주(불국사,보문관광단지,양봉마을)","","7.6","","","",
"21~30세","스키장(용평리조트/피닉스파크/비발디파크)","","100","","","",
"21~30세","남산/N서울타워","","","5.1","","",
"21~30세","인사동","","","2.3","","",
"21~30세","고궁","","","8.9","","",
"31~40세","사례수","","3286","3429","","",
"31~40세","명동-남대문-북창","","18.3","17.8","37.7","35",
"31~40세","제주","","0","","7.3","9.1",
"31~40세","신촌/홍대주변","","3.1","3.2","4.7","4.1",
"31~40세","종로-청계","","0","","5.4","5.5",
"31~40세","동대문 패션타운","","8.1","6.7","5.8","5.1",
"31~40세","해운대 일대","","0","3.4","4","3.5",
"31~40세","강남역","","2.5","3.8","3.9","3.2",
"31~40세","잠실","","0","2.2","2.9","3.6",
"31~40세","춘천(남이섬)","","0","","1.9","2.1",
"31~40세","코엑스 (강남 코엑스)","","0","","","1.4",
"31~40세","이태원","","0","2.2","2.1","",
"31~40세","청계천/광화문광장","","2.7","","","",
"31~40세","제주민속촌","","0","","","",
"31~40세","이기대/오륙도","","8","","","",
"31~40세","섭지코지","","0","","","",
"31~40세","거제(바람의언덕,외도)","","4.6","","","",
"31~40세","태종대","","2.2","","","",
"31~40세","용궁사/기장","","3.2","","","",
"31~40세","감천문화마을","","2.4","","","",
"31~40세","경주(불국사,보문관광단지,양봉마을)","","5.8","","","",
"31~40세","스키장(용평리조트/피닉스파크/비발디파크)","","100","","","",
"31~40세","남산/N서울타워","","","5.8","","",
"31~40세","인사동","","","2.5","","",
"31~40세","고궁","","","10.1","","",
"41~50세","사례수","","1581","2128","","",
"41~50세","명동-남대문-북창","","14.7","15.1","33.2","33.2",
"41~50세","제주","","0","","5.9","7.8",
"41~50세","신촌/홍대주변","","1.6","2.3","3.4","3.8",
"41~50세","종로-청계","","0","","5.6","5.6",
"41~50세","동대문 패션타운","","6","6.5","4.9","3.9",
"41~50세","해운대 일대","","0","5.4","4.2","2.6",
"41~50세","강남역","","5.2","5.1","4.4","4",
"41~50세","잠실","","0","1.2","2.2","2.7",
"41~50세","춘천(남이섬)","","0","","2.9","2.7",
"41~50세","코엑스 (강남 코엑스)","","0","","","2.5",
"41~50세","이태원","","0","2","1.8","",
"41~50세","청계천/광화문광장","","6.4","","","",
"41~50세","제주민속촌","","0","","","",
"41~50세","이기대/오륙도","","7.9","","","",
"41~50세","섭지코지","","0","","","",
"41~50세","거제(바람의언덕,외도)","","5.5","","","",
"41~50세","태종대","",".5","","","",
"41~50세","용궁사/기장","","2.2","","","",
"41~50세","감천문화마을","","1.3","","","",
"41~50세","경주(불국사,보문관광단지,양봉마을)","","3.6","","","",
"41~50세","스키장(용평리조트/피닉스파크/비발디파크)","","100","","","",
"41~50세","남산/N서울타워","","","4.3","","",
"41~50세","인사동","","","1.6","","",
"41~50세","고궁","","","9.4","","",
"51~60세","사례수","","859","1217","","",
"51~60세","명동-남대문-북창","","10","11.3","30.9","30.8",
"51~60세","제주","","0","","7.5","9.8",
"51~60세","신촌/홍대주변","","1.2","1.3","3","2.7",
"51~60세","종로-청계","","0","","6.9","7.3",
"51~60세","동대문 패션타운","","5.2","3.3","4.5","4.1",
"51~60세","해운대 일대","","0","6.1","4.7","4.4",
"51~60세","강남역","","4.3","4.4","3.8","3.7",
"51~60세","잠실","","0","1.6","1.7","2.3",
"51~60세","춘천(남이섬)","","0","","3.1","2.2",
"51~60세","코엑스 (강남 코엑스)","","0","","","2.2",
"51~60세","이태원","","0","1.6","1.7","",
"51~60세","청계천/광화문광장","","9.6","","","",
"51~60세","제주민속촌","","0","","","",
"51~60세","이기대/오륙도","","8.1","","","",
"51~60세","섭지코지","","0","","","",
"51~60세","거제(바람의언덕,외도)","","3.9","","","",
"51~60세","태종대","",".6","","","",
"51~60세","용궁사/기장","","1.7","","","",
"51~60세","감천문화마을","",".9","","","",
"51~60세","경주(불국사,보문관광단지,양봉마을)","","2.8","","","",
"51~60세","스키장(용평리조트/피닉스파크/비발디파크)","","100","","","",
"51~60세","남산/N서울타워","","","2.6","","",
"51~60세","인사동","","","2.5","","",
"51~60세","고궁","","","9","","",
"61세 이상","사례수","","287","444","","",
"61세 이상","명동-남대문-북창","","10.5","14.7","40.2","43.3",
"61세 이상","제주","","0","","3.9","2.9",
"61세 이상","신촌/홍대주변","",".9","1.1","1","1.8",
"61세 이상","종로-청계","","0","","5.5","6.5",
"61세 이상","동대문 패션타운","","4.6","5","3.6","2.1",
"61세 이상","해운대 일대","","0","5.4","1.9","3.6",
"61세 이상","강남역","","5.7","2.9","3.5","3",
"61세 이상","잠실","","0","1.2","2.2","1.8",
"61세 이상","춘천(남이섬)","","0","","2.6","3.1",
"61세 이상","코엑스 (강남 코엑스)","","0","","","1.7",
"61세 이상","이태원","","0","1.1","1.4","",
"61세 이상","청계천/광화문광장","","9.9","","","",
"61세 이상","제주민속촌","","0","","","",
"61세 이상","이기대/오륙도","","12.3","","","",
"61세 이상","섭지코지","","0","","","",
"61세 이상","거제(바람의언덕,외도)","","2.8","","","",
"61세 이상","태종대","","1.2","","","",
"61세 이상","용궁사/기장","","2.1","","","",
"61세 이상","감천문화마을","","2.9","","","",
"61세 이상","경주(불국사,보문관광단지,양봉마을)","","2.6","","","",
"61세 이상","스키장(용평리조트/피닉스파크/비발디파크)","","100","","","",
"61세 이상","남산/N서울타워","","","3.2","","",
"61세 이상","인사동","","","3.4","","",
"61세 이상","고궁","","","11.5","","",
"모름/무응답","사례수","","29","15","","",
"모름/무응답","명동-남대문-북창","","17.7","13.4","","",
"모름/무응답","제주","","0","","","",
"모름/무응답","신촌/홍대주변","","1.9","0","","",
"모름/무응답","종로-청계","","0","","","",
"모름/무응답","동대문 패션타운","","7.8","3","","",
"모름/무응답","해운대 일대","","0","0","","",
"모름/무응답","강남역","","15.8","2.3","","",
"모름/무응답","잠실","","0","5","","",
"모름/무응답","춘천(남이섬)","","0","","","",
"모름/무응답","코엑스 (강남 코엑스)","","0","","","",
"모름/무응답","이태원","","0","0","","",
"모름/무응답","청계천/광화문광장","","4.8","","","",
"모름/무응답","제주민속촌","","0","","","",
"모름/무응답","이기대/오륙도","","0","","","",
"모름/무응답","섭지코지","","0","","","",
"모름/무응답","거제(바람의언덕,외도)","","17","","","",
"모름/무응답","태종대","","0","","","",
"모름/무응답","용궁사/기장","","0","","","",
"모름/무응답","감천문화마을","","0","","","",
"모름/무응답","경주(불국사,보문관광단지,양봉마을)","","0","","","",
"모름/무응답","스키장(용평리조트/피닉스파크/비발디파크)","","100","","","",
"모름/무응답","남산/N서울타워","","","0","","",
"모름/무응답","인사동","","","5","","",
"모름/무응답","고궁","","","14.4","","",
"여가/위락/휴식","사례수","","7180","7182","","",
"여가/위락/휴식","명동-남대문-북창","","16.7","19.7","38.8","38.7",
"여가/위락/휴식","제주","","0","","8.1","10.8",
"여가/위락/휴식","신촌/홍대주변","","4.1","4.9","6.9","7.3",
"여가/위락/휴식","종로-청계","","0","","5.1","4.9",
"여가/위락/휴식","동대문 패션타운","","4.6","5.6","5.4","4.7",
"여가/위락/휴식","해운대 일대","","0","3.7","4","3.6",
"여가/위락/휴식","강남역","","1.4","1.7","2.7","2.2",
"여가/위락/휴식","잠실","","0","2.2","2.4","3.3",
"여가/위락/휴식","춘천(남이섬)","","0","","2.8","2.9",
"여가/위락/휴식","코엑스 (강남 코엑스)","","0","","","1.3",
"여가/위락/휴식","이태원","","0","1.6","2","",
"여가/위락/휴식","청계천/광화문광장","","1.5","","","",
"여가/위락/휴식","제주민속촌","","0","","","",
"여가/위락/휴식","이기대/오륙도","","7","","","",
"여가/위락/휴식","섭지코지","","0","","","",
"여가/위락/휴식","거제(바람의언덕,외도)","","6.2","","","",
"여가/위락/휴식","태종대","","3.3","","","",
"여가/위락/휴식","용궁사/기장","","2.7","","","",
"여가/위락/휴식","감천문화마을","","3.2","","","",
"여가/위락/휴식","경주(불국사,보문관광단지,양봉마을)","","8.6","","","",
"여가/위락/휴식","스키장(용평리조트/피닉스파크/비발디파크)","","100","","","",
"여가/위락/휴식","남산/N서울타워","","","5.3","","",
"여가/위락/휴식","인사동","","","2.1","","",
"여가/위락/휴식","고궁","","","11.1","","",
"친구/친지방문","사례수","","888","1388","","",
"친구/친지방문","명동-남대문-북창","","13.4","12","","29",
"친구/친지방문","제주","","0","","","3",
"친구/친지방문","신촌/홍대주변","","6.9","4.6","","5.3",
"친구/친지방문","종로-청계","","0","","","7.3",
"친구/친지방문","동대문 패션타운","","6.6","5.3","","3.5",
"친구/친지방문","해운대 일대","","0","4.2","","4.8",
"친구/친지방문","강남역","","3.3","3.1","","1.9",
"친구/친지방문","잠실","","0","2.4","","3.4",
"친구/친지방문","춘천(남이섬)","","0","","",".9",
"친구/친지방문","코엑스 (강남 코엑스)","","0","","",".6",
"친구/친지방문","이태원","","0","3.2","","",
"친구/친지방문","청계천/광화문광장","","5.3","","","",
"친구/친지방문","제주민속촌","","0","","","",
"친구/친지방문","이기대/오륙도","","8.7","","","",
"친구/친지방문","섭지코지","","0","","","",
"친구/친지방문","거제(바람의언덕,외도)","","5.7","","","",
"친구/친지방문","태종대","",".3","","","",
"친구/친지방문","용궁사/기장","","3.4","","","",
"친구/친지방문","감천문화마을","",".5","","","",
"친구/친지방문","경주(불국사,보문관광단지,양봉마을)","","1.3","","","",
"친구/친지방문","스키장(용평리조트/피닉스파크/비발디파크)","","100","","","",
"친구/친지방문","남산/N서울타워","","","4.1","","",
"친구/친지방문","인사동","","","4","","",
"친구/친지방문","고궁","","","11.7","","",
"사업/전문 활동","사례수","","1797","2631","","",
"사업/전문 활동","명동-남대문-북창","","11.8","10.4","21.7","21.6",
"사업/전문 활동","제주","","0","","1.4","2.5",
"사업/전문 활동","신촌/홍대주변","","1.3","2.1","1.5","1.6",
"사업/전문 활동","종로-청계","","0","","6.7","5.9",
"사업/전문 활동","동대문 패션타운","","6.1","3.9","3.9","3.8",
"사업/전문 활동","해운대 일대","","0","4.6","3.9","4.1",
"사업/전문 활동","강남역","","10.5","8.9","8.9","8.8",
"사업/전문 활동","잠실","","0","1.5","2.2","2.3",
"사업/전문 활동","춘천(남이섬)","","0","",".3",".9",
"사업/전문 활동","코엑스 (강남 코엑스)","","0","","","4.1",
"사업/전문 활동","이태원","","0","2.7","2.5","",
"사업/전문 활동","청계천/광화문광장","","11.4","","","",
"사업/전문 활동","제주민속촌","","0","","","",
"사업/전문 활동","이기대/오륙도","","8.8","","","",
"사업/전문 활동","섭지코지","","0","","","",
"사업/전문 활동","거제(바람의언덕,외도)","","3.9","","","",
"사업/전문 활동","태종대","",".6","","","",
"사업/전문 활동","용궁사/기장","","1.5","","","",
"사업/전문 활동","감천문화마을","",".5","","","",
"사업/전문 활동","경주(불국사,보문관광단지,양봉마을)","",".9","","","",
"사업/전문 활동","스키장(용평리조트/피닉스파크/비발디파크)","","100","","","",
"사업/전문 활동","남산/N서울타워","","","4.1","","",
"사업/전문 활동","인사동","","","1.9","","",
"사업/전문 활동","고궁","","","8.1","","",
"교육","사례수","","480","799","","",
"교육","명동-남대문-북창","","14.3","13.6","32.6","31.2",
"교육","제주","","0","","3.7","7.5",
"교육","신촌/홍대주변","","11.9","12","10.6","10.6",
"교육","종로-청계","","0","","5.9","7",
"교육","동대문 패션타운","","2.1","3.7","3.4","3.7",
"교육","해운대 일대","","0","5.3","5.2","4.8",
"교육","강남역","","1.7","2.2","1.5","1.7",
"교육","잠실","","0","2.2","3.2","3.9",
"교육","춘천(남이섬)","","0","","1.4",".2",
"교육","코엑스 (강남 코엑스)","","0","","","1",
"교육","이태원","","0","2.5","1.2","",
"교육","청계천/광화문광장","","2.7","","","",
"교육","제주민속촌","","0","","","",
"교육","이기대/오륙도","","7.1","","","",
"교육","섭지코지","","0","","","",
"교육","거제(바람의언덕,외도)","","7.2","","","",
"교육","태종대","","1","","","",
"교육","용궁사/기장","","4.5","","","",
"교육","감천문화마을","","1.1","","","",
"교육","경주(불국사,보문관광단지,양봉마을)","",".8","","","",
"교육","스키장(용평리조트/피닉스파크/비발디파크)","","100","","","",
"교육","남산/N서울타워","","","5.1","","",
"교육","인사동","","","3.3","","",
"교육","고궁","","","5.4","","",
"종교 및 순례","사례수","","51","64","","",
"종교 및 순례","명동-남대문-북창","","13.4","3.9","18.8","7.1",
"종교 및 순례","제주","","0","","20.3","21.4",
"종교 및 순례","신촌/홍대주변","","1.6",".8","1","0",
"종교 및 순례","종로-청계","","0","","6.4","1.6",
"종교 및 순례","동대문 패션타운","","4.4","9.3","2.2","0",
"종교 및 순례","해운대 일대","","0",".5","6",".7",
"종교 및 순례","강남역","","0","0",".6","2.4",
"종교 및 순례","잠실","","0","1.7","0","1.9",
"종교 및 순례","춘천(남이섬)","","0","","0","0",
"종교 및 순례","코엑스 (강남 코엑스)","","0","","",".9",
"종교 및 순례","이태원","","0","2.5","1.1","",
"종교 및 순례","청계천/광화문광장","","23.3","","","",
"종교 및 순례","제주민속촌","","0","","","",
"종교 및 순례","이기대/오륙도","","14.6","","","",
"종교 및 순례","섭지코지","","0","","","",
"종교 및 순례","거제(바람의언덕,외도)","","1.5","","","",
"종교 및 순례","태종대","","0","","","",
"종교 및 순례","용궁사/기장","","4.1","","","",
"종교 및 순례","감천문화마을","","1.2","","","",
"종교 및 순례","경주(불국사,보문관광단지,양봉마을)","","4.1","","","",
"종교 및 순례","스키장(용평리조트/피닉스파크/비발디파크)","","100","","","",
"종교 및 순례","남산/N서울타워","","","2.5","","",
"종교 및 순례","인사동","","","0","","",
"종교 및 순례","고궁","","","4.4","","",
"기타","사례수","","11","39","","",
"기타","명동-남대문-북창","","3","12.8","13.1","18.7",
"기타","제주","","0","","0","4.9",
"기타","신촌/홍대주변","","11.8","5.1","0","2.2",
"기타","종로-청계","","0","","5.6","9.7",
"기타","동대문 패션타운","","0","2.9","0","2.9",
"기타","해운대 일대","","0","0","5","2.8",
"기타","강남역","","2.8","2.9","7.9","8.5",
"기타","잠실","","0","0","1.6","4",
"기타","춘천(남이섬)","","0","","0",".2",
"기타","코엑스 (강남 코엑스)","","0","","","5.9",
"기타","이태원","","0","1.9","3.7","",
"기타","청계천/광화문광장","","2.5","","","",
"기타","제주민속촌","","0","","","",
"기타","이기대/오륙도","","4.9","","","",
"기타","섭지코지","","0","","","",
"기타","거제(바람의언덕,외도)","","0","","","",
"기타","태종대","","0","","","",
"기타","용궁사/기장","","21","","","",
"기타","감천문화마을","","0","","","",
"기타","경주(불국사,보문관광단지,양봉마을)","","0","","","",
"기타","스키장(용평리조트/피닉스파크/비발디파크)","","100","","","",
"기타","남산/N서울타워","","","3","","",
"기타","인사동","","","3.2","","",
"기타","고궁","","","10.4","","",
"뷰티/건강/치료","사례수","","75","171","","",
"뷰티/건강/치료","명동-남대문-북창","","22.6","22.1","","",
"뷰티/건강/치료","제주","","0","","","",
"뷰티/건강/치료","신촌/홍대주변","","3.2","3","","",
"뷰티/건강/치료","종로-청계","","0","","","",
"뷰티/건강/치료","동대문 패션타운","","1.8","6.9","","",
"뷰티/건강/치료","해운대 일대","","0","4.1","","",
"뷰티/건강/치료","강남역","","12.5","15.5","","",
"뷰티/건강/치료","잠실","","0","2.6","","",
"뷰티/건강/치료","춘천(남이섬)","","0","","","",
"뷰티/건강/치료","코엑스 (강남 코엑스)","","0","","","",
"뷰티/건강/치료","이태원","","0",".5","","",
"뷰티/건강/치료","청계천/광화문광장","","5.7","","","",
"뷰티/건강/치료","제주민속촌","","0","","","",
"뷰티/건강/치료","이기대/오륙도","","13.2","","","",
"뷰티/건강/치료","섭지코지","","0","","","",
"뷰티/건강/치료","거제(바람의언덕,외도)","","6.8","","","",
"뷰티/건강/치료","태종대","","0","","","",
"뷰티/건강/치료","용궁사/기장","","5.2","","","",
"뷰티/건강/치료","감천문화마을","","0","","","",
"뷰티/건강/치료","경주(불국사,보문관광단지,양봉마을)","","0","","","",
"뷰티/건강/치료","스키장(용평리조트/피닉스파크/비발디파크)","","100","","","",
"뷰티/건강/치료","남산/N서울타워","","","4.7","","",
"뷰티/건강/치료","인사동","","",".3","","",
"뷰티/건강/치료","고궁","","","6.1","","",
"쇼핑","사례수","","1521","1566","","",
"쇼핑","명동-남대문-북창","","32.2","33.6","","",
"쇼핑","제주","","0","","","",
"쇼핑","신촌/홍대주변","","5.8","7.6","","",
"쇼핑","종로-청계","","0","","","",
"쇼핑","동대문 패션타운","","11.5","9.8","","",
"쇼핑","해운대 일대","","0",".8","","",
"쇼핑","강남역","","1.3","2.4","","",
"쇼핑","잠실","","0","1.6","","",
"쇼핑","춘천(남이섬)","","0","","","",
"쇼핑","코엑스 (강남 코엑스)","","0","","","",
"쇼핑","이태원","","0","1.1","","",
"쇼핑","청계천/광화문광장","",".5","","","",
"쇼핑","제주민속촌","",".6","","","",
"쇼핑","이기대/오륙도","","4.6","","","",
"쇼핑","섭지코지","","0","","","",
"쇼핑","거제(바람의언덕,외도)","","5.7","","","",
"쇼핑","태종대","","2.3","","","",
"쇼핑","용궁사/기장","","4.3","","","",
"쇼핑","감천문화마을","","2.3","","","",
"쇼핑","경주(불국사,보문관광단지,양봉마을)","","4","","","",
"쇼핑","스키장(용평리조트/피닉스파크/비발디파크)","","100","","","",
"쇼핑","남산/N서울타워","","","5.3","","",
"쇼핑","인사동","","","2.1","","",
"쇼핑","고궁","","","3.9","","",
"개별여행","사례수","","8084","11462","","",
"개별여행","명동-남대문-북창","","17.2","17.5","34.2","32",
"개별여행","제주","","0","","7","8.4",
"개별여행","신촌/홍대주변","","5","5.3","6.1","6.3",
"개별여행","종로-청계","","0","","5.7","5.7",
"개별여행","동대문 패션타운","","5.3","5.4","5.3","4.6",
"개별여행","해운대 일대","","0","3.6","4.1","4.2",
"개별여행","강남역","","4","3.9","4.1","3.7",
"개별여행","잠실","","0","2","2.5","3.5",
"개별여행","춘천(남이섬)","","0","","1.4","1.7",
"개별여행","코엑스 (강남 코엑스)","","0","","","1.8",
"개별여행","이태원","","0","2.2","2.3","",
"개별여행","청계천/광화문광장","","4.2","","","",
"개별여행","제주민속촌","",".1","","","",
"개별여행","이기대/오륙도","","7.2","","","",
"개별여행","섭지코지","","0","","","",
"개별여행","거제(바람의언덕,외도)","","5.2","","","",
"개별여행","태종대","","2.5","","","",
"개별여행","용궁사/기장","","2.4","","","",
"개별여행","감천문화마을","","1.7","","","",
"개별여행","경주(불국사,보문관광단지,양봉마을)","","2.7","","","",
"개별여행","스키장(용평리조트/피닉스파크/비발디파크)","","100","","","",
"개별여행","남산/N서울타워","","","4.9","","",
"개별여행","인사동","","","2.4","","",
"개별여행","고궁","","","9.5","","",
"단체여행","사례수","","3002","1606","","",
"단체여행","명동-남대문-북창","","15.3","14.9","33.9","38",
"단체여행","제주","","0","","8","10.7",
"단체여행","신촌/홍대주변","","2.6",".9","1.3","1.7",
"단체여행","종로-청계","","0","","4.6","5.4",
"단체여행","동대문 패션타운","","5.5","5.5","3.8","2.8",
"단체여행","해운대 일대","","0","5.6","4.4","3.5",
"단체여행","강남역","",".4",".9",".8",".8",
"단체여행","잠실","","0","2.3","1.5","2.2",
"단체여행","춘천(남이섬)","","0","","8.3","5.9",
"단체여행","코엑스 (강남 코엑스)","","0","","",".3",
"단체여행","이태원","","0",".8",".9","",
"단체여행","청계천/광화문광장","",".9","","","",
"단체여행","제주민속촌","",".1","","","",
"단체여행","이기대/오륙도","","7.8","","","",
"단체여행","섭지코지","","0","","","",
"단체여행","거제(바람의언덕,외도)","","7.7","","","",
"단체여행","태종대","","2","","","",
"단체여행","용궁사/기장","","4.5","","","",
"단체여행","감천문화마을","","4.7","","","",
"단체여행","경주(불국사,보문관광단지,양봉마을)","","15.2","","","",
"단체여행","스키장(용평리조트/피닉스파크/비발디파크)","","100","","","",
"단체여행","남산/N서울타워","","","5.9","","",
"단체여행","인사동","","",".6","","",
"단체여행","고궁","","","10.3","","",
"Air-tel Tour","사례수","","917","773","","",
"Air-tel Tour","명동-남대문-북창","","28.6","37.4","50.1","48.3",
"Air-tel Tour","제주","","0","","2","3.3",
"Air-tel Tour","신촌/홍대주변","","5.8","9.4","12.1","12.1",
"Air-tel Tour","종로-청계","","0","","3.4","3.2",
"Air-tel Tour","동대문 패션타운","","9.8","9","4.3","5",
"Air-tel Tour","해운대 일대","","0",".6","2.3","1.4",
"Air-tel Tour","강남역","","1.6","3","4.6","5.3",
"Air-tel Tour","잠실","","0","1.5","1.9","1.5",
"Air-tel Tour","춘천(남이섬)","","0","","1.8",".5",
"Air-tel Tour","코엑스 (강남 코엑스)","","0","","","3.8",
"Air-tel Tour","이태원","","0",".7","1.6","",
"Air-tel Tour","청계천/광화문광장","","3.6","","","",
"Air-tel Tour","제주민속촌","","0","","","",
"Air-tel Tour","이기대/오륙도","","4.5","","","",
"Air-tel Tour","섭지코지","","0","","","",
"Air-tel Tour","거제(바람의언덕,외도)","","4.7","","","",
"Air-tel Tour","태종대","","3.2","","","",
"Air-tel Tour","용궁사/기장","","1.6","","","",
"Air-tel Tour","감천문화마을","","1.3","","","",
"Air-tel Tour","경주(불국사,보문관광단지,양봉마을)","","3.8","","","",
"Air-tel Tour","스키장(용평리조트/피닉스파크/비발디파크)","","100","","","",
"Air-tel Tour","남산/N서울타워","","","2.7","","",
"Air-tel Tour","인사동","","","4","","",
"Air-tel Tour","고궁","","","4.4","","",
"1회","사례수","","7375","6471","","",
"1회","명동-남대문-북창","","15.8","16.2","34.9","34.5",
"1회","제주","","0","","8.2","9.8",
"1회","신촌/홍대주변","","4.5","4.5","5.7","6.2",
"1회","종로-청계","","0","","7.4","7.8",
"1회","동대문 패션타운","","4.2","4.3","3.7","3.2",
"1회","해운대 일대","","0","3.7","3.9","3.7",
"1회","강남역","","1.9","2.4","2.6","2.5",
"1회","잠실","","0","2.2","2.2","3.3",
"1회","춘천(남이섬)","","0","","3.8","3.3",
"1회","코엑스 (강남 코엑스)","","0","","","1.7",
"1회","이태원","","0","2.1","2.5","",
"1회","청계천/광화문광장","","1.8","","","",
"1회","제주민속촌","","0","","","",
"1회","이기대/오륙도","","8.9","","","",
"1회","섭지코지","","0","","","",
"1회","거제(바람의언덕,외도)","","6.8","","","",
"1회","태종대","","2.7","","","",
"1회","용궁사/기장","","3.4","","","",
"1회","감천문화마을","","3","","","",
"1회","경주(불국사,보문관광단지,양봉마을)","","7.6","","","",
"1회","스키장(용평리조트/피닉스파크/비발디파크)","","100","","","",
"1회","남산/N서울타워","","","5.1","","",
"1회","인사동","","","2.1","","",
"1회","고궁","","","13.2","","",
"2회","사례수","","1522","2474","","",
"2회","명동-남대문-북창","","20.3","18.3","34.3","33",
"2회","제주","","0","","7.9","8.4",
"2회","신촌/홍대주변","","4.1","5.7","6.8","6.4",
"2회","종로-청계","","0","","4.1","5",
"2회","동대문 패션타운","","6.5","6.3","4.5","4.8",
"2회","해운대 일대","","0","2.8","4.6","4.7",
"2회","강남역","","3.3","3.2","3.1","3",
"2회","잠실","","0","2.3","2.6","2.7",
"2회","춘천(남이섬)","","0","","1.8","2.7",
"2회","코엑스 (강남 코엑스)","","0","","","1.5",
"2회","이태원","","0","1.7","1.9","",
"2회","청계천/광화문광장","","2.7","","","",
"2회","제주민속촌","","0","","","",
"2회","이기대/오륙도","","5.9","","","",
"2회","섭지코지","","0","","","",
"2회","거제(바람의언덕,외도)","","5","","","",
"2회","태종대","","3.3","","","",
"2회","용궁사/기장","","2.6","","","",
"2회","감천문화마을","","1.4","","","",
"2회","경주(불국사,보문관광단지,양봉마을)","","5.8","","","",
"2회","스키장(용평리조트/피닉스파크/비발디파크)","","100","","","",
"2회","남산/N서울타워","","","5","","",
"2회","인사동","","","2.4","","",
"2회","고궁","","","7.6","","",
"3회","사례수","","802","1315","","",
"3회","명동-남대문-북창","","19.7","20.9","36.8","35.5",
"3회","제주","","0","","6.4","9.8",
"3회","신촌/홍대주변","","4.8","5.8","7.3","5.4",
"3회","종로-청계","","0","","3.3","4.5",
"3회","동대문 패션타운","","5.7","5.4","5.7","4.9",
"3회","해운대 일대","","0","5.8","4.8","3.1",
"3회","강남역","","3.9","3.7","5","3.5",
"3회","잠실","","0","2","2.1","2.6",
"3회","춘천(남이섬)","","0","","1.1","1.5",
"3회","코엑스 (강남 코엑스)","","0","","","1.4",
"3회","이태원","","0",".9","2.1","",
"3회","청계천/광화문광장","","3.1","","","",
"3회","제주민속촌","",".6","","","",
"3회","이기대/오륙도","","4.5","","","",
"3회","섭지코지","","0","","","",
"3회","거제(바람의언덕,외도)","","6.1","","","",
"3회","태종대","","3.3","","","",
"3회","용궁사/기장","","2.5","","","",
"3회","감천문화마을","","2.9","","","",
"3회","경주(불국사,보문관광단지,양봉마을)","","2.8","","","",
"3회","스키장(용평리조트/피닉스파크/비발디파크)","","100","","","",
"3회","남산/N서울타워","","","4.7","","",
"3회","인사동","","","2.5","","",
"3회","고궁","","","6.5","","",
"4회 이상","사례수","","2304","3581","","",
"4회 이상","명동-남대문-북창","","20.8","21.1","36.3","33.9",
"4회 이상","제주","","0","","4.2","5.7",
"4회 이상","신촌/홍대주변","","4.1","5.3","5.4","5.9",
"4회 이상","종로-청계","","0","","4","2.7",
"4회 이상","동대문 패션타운","","9.9","7.7","7","5.5",
"4회 이상","해운대 일대","","0","3.4","3.5","3.8",
"4회 이상","강남역","","5.6","5.6","5.4","4.8",
"4회 이상","잠실","","0","1.4","2.6","3.4",
"4회 이상","춘천(남이섬)","","0","",".9",".8",
"4회 이상","코엑스 (강남 코엑스)","","0","","","2",
"4회 이상","이태원","","0","2.3","1.6","",
"4회 이상","청계천/광화문광장","","8.5","","","",
"4회 이상","제주민속촌","",".1","","","",
"4회 이상","이기대/오륙도","","3.4","","","",
"4회 이상","섭지코지","","0","","","",
"4회 이상","거제(바람의언덕,외도)","","3.2","","","",
"4회 이상","태종대","",".7","","","",
"4회 이상","용궁사/기장","","1.4","","","",
"4회 이상","감천문화마을","","1","","","",
"4회 이상","경주(불국사,보문관광단지,양봉마을)","","1.7","","","",
"4회 이상","스키장(용평리조트/피닉스파크/비발디파크)","","100","","","",
"4회 이상","남산/N서울타워","","","4.6","","",
"4회 이상","인사동","","","2.6","","",
"4회 이상","고궁","","","4.6","","",
"공무원, 군인","사례수","","505","628","","",
"공무원, 군인","명동-남대문-북창","","18.2","16.2","","",
"공무원, 군인","제주","","0","","","",
"공무원, 군인","신촌/홍대주변","","4.7","3.9","","",
"공무원, 군인","종로-청계","","0","","","",
"공무원, 군인","동대문 패션타운","","4","6","","",
"공무원, 군인","해운대 일대","","0","1.3","","",
"공무원, 군인","강남역","","1.1","2.1","","",
"공무원, 군인","잠실","","0","1.7","","",
"공무원, 군인","춘천(남이섬)","","0","","","",
"공무원, 군인","코엑스 (강남 코엑스)","","0","","","",
"공무원, 군인","이태원","","0","2.3","","",
"공무원, 군인","청계천/광화문광장","","2.6","","","",
"공무원, 군인","제주민속촌","",".5","","","",
"공무원, 군인","이기대/오륙도","","12.4","","","",
"공무원, 군인","섭지코지","","0","","","",
"공무원, 군인","거제(바람의언덕,외도)","","6.9","","","",
"공무원, 군인","태종대","","2.2","","","",
"공무원, 군인","용궁사/기장","","3.2","","","",
"공무원, 군인","감천문화마을","","4.1","","","",
"공무원, 군인","경주(불국사,보문관광단지,양봉마을)","","7.4","","","",
"공무원, 군인","스키장(용평리조트/피닉스파크/비발디파크)","","100","","","",
"공무원, 군인","남산/N서울타워","","","6.9","","",
"공무원, 군인","인사동","","","1","","",
"공무원, 군인","고궁","","","16.5","","",
"기업인, 경영직","사례수","","1156","1464","","",
"기업인, 경영직","명동-남대문-북창","","14.8","13","","",
"기업인, 경영직","제주","","0","","","",
"기업인, 경영직","신촌/홍대주변","","2.6","2.2","","",
"기업인, 경영직","종로-청계","","0","","","",
"기업인, 경영직","동대문 패션타운","","4.9","4.8","","",
"기업인, 경영직","해운대 일대","","0","3.9","","",
"기업인, 경영직","강남역","","8.5","7.7","","",
"기업인, 경영직","잠실","","0","2.3","","",
"기업인, 경영직","춘천(남이섬)","","0","","","",
"기업인, 경영직","코엑스 (강남 코엑스)","","0","","","",
"기업인, 경영직","이태원","","0","3.4","","",
"기업인, 경영직","청계천/광화문광장","","6.1","","","",
"기업인, 경영직","제주민속촌","","0","","","",
"기업인, 경영직","이기대/오륙도","","8.4","","","",
"기업인, 경영직","섭지코지","","0","","","",
"기업인, 경영직","거제(바람의언덕,외도)","","5.8","","","",
"기업인, 경영직","태종대","",".5","","","",
"기업인, 경영직","용궁사/기장","","1.8","","","",
"기업인, 경영직","감천문화마을","",".9","","","",
"기업인, 경영직","경주(불국사,보문관광단지,양봉마을)","","3.5","","","",
"기업인, 경영직","스키장(용평리조트/피닉스파크/비발디파크)","","100","","","",
"기업인, 경영직","남산/N서울타워","","","5.4","","",
"기업인, 경영직","인사동","","","2","","",
"기업인, 경영직","고궁","","","11.4","","",
"사무,기술직","사례수","","2434","2543","","",
"사무,기술직","명동-남대문-북창","","17.9","18.9","","",
"사무,기술직","제주","","0","","","",
"사무,기술직","신촌/홍대주변","","4","5.9","","",
"사무,기술직","종로-청계","","0","","","",
"사무,기술직","동대문 패션타운","","4.6","5.8","","",
"사무,기술직","해운대 일대","","0","4.5","","",
"사무,기술직","강남역","","3.5","4.5","","",
"사무,기술직","잠실","","0","2.2","","",
"사무,기술직","춘천(남이섬)","","0","","","",
"사무,기술직","코엑스 (강남 코엑스)","","0","","","",
"사무,기술직","이태원","","0",".9","","",
"사무,기술직","청계천/광화문광장","","4.4","","","",
"사무,기술직","제주민속촌","","0","","","",
"사무,기술직","이기대/오륙도","","5.9","","","",
"사무,기술직","섭지코지","","0","","","",
"사무,기술직","거제(바람의언덕,외도)","","6","","","",
"사무,기술직","태종대","","3.3","","","",
"사무,기술직","용궁사/기장","","1.9","","","",
"사무,기술직","감천문화마을","","2.5","","","",
"사무,기술직","경주(불국사,보문관광단지,양봉마을)","","6.3","","","",
"사무,기술직","스키장(용평리조트/피닉스파크/비발디파크)","","100","","","",
"사무,기술직","남산/N서울타워","","","3.7","","",
"사무,기술직","인사동","","","3","","",
"사무,기술직","고궁","","","8.8","","",
"판매, 서비스직","사례수","","1423","1611","","",
"판매, 서비스직","명동-남대문-북창","","20.1","20.4","","",
"판매, 서비스직","제주","","0","","","",
"판매, 서비스직","신촌/홍대주변","","5.5","4.4","","",
"판매, 서비스직","종로-청계","","0","","","",
"판매, 서비스직","동대문 패션타운","","7.2","6.1","","",
"판매, 서비스직","해운대 일대","","0","4.8","","",
"판매, 서비스직","강남역","","2","3.2","","",
"판매, 서비스직","잠실","","0","2.8","","",
"판매, 서비스직","춘천(남이섬)","","0","","","",
"판매, 서비스직","코엑스 (강남 코엑스)","","0","","","",
"판매, 서비스직","이태원","","0","2","","",
"판매, 서비스직","청계천/광화문광장","","1.8","","","",
"판매, 서비스직","제주민속촌","",".2","","","",
"판매, 서비스직","이기대/오륙도","","5.3","","","",
"판매, 서비스직","섭지코지","","0","","","",
"판매, 서비스직","거제(바람의언덕,외도)","","4.5","","","",
"판매, 서비스직","태종대","","2.5","","","",
"판매, 서비스직","용궁사/기장","","3.4","","","",
"판매, 서비스직","감천문화마을","","2","","","",
"판매, 서비스직","경주(불국사,보문관광단지,양봉마을)","","6.4","","","",
"판매, 서비스직","스키장(용평리조트/피닉스파크/비발디파크)","","100","","","",
"판매, 서비스직","남산/N서울타워","","","4.2","","",
"판매, 서비스직","인사동","","","2","","",
"판매, 서비스직","고궁","","","6.7","","",
"전문직","사례수","","1118","1312","","",
"전문직","명동-남대문-북창","","13.2","14.4","","",
"전문직","제주","","0","","","",
"전문직","신촌/홍대주변","","2.5","4.1","","",
"전문직","종로-청계","","0","","","",
"전문직","동대문 패션타운","","3.8","3.2","","",
"전문직","해운대 일대","","0","2.7","","",
"전문직","강남역","","3","2.8","","",
"전문직","잠실","","0","1.6","","",
"전문직","춘천(남이섬)","","0","","","",
"전문직","코엑스 (강남 코엑스)","","0","","","",
"전문직","이태원","","0","3.4","","",
"전문직","청계천/광화문광장","","5","","","",
"전문직","제주민속촌","","0","","","",
"전문직","이기대/오륙도","","11.6","","","",
"전문직","섭지코지","","0","","","",
"전문직","거제(바람의언덕,외도)","","4.9","","","",
"전문직","태종대","","2","","","",
"전문직","용궁사/기장","","2.5","","","",
"전문직","감천문화마을","","2.6","","","",
"전문직","경주(불국사,보문관광단지,양봉마을)","","6.6","","","",
"전문직","스키장(용평리조트/피닉스파크/비발디파크)","","100","","","",
"전문직","남산/N서울타워","","","4.8","","",
"전문직","인사동","","","2.6","","",
"전문직","고궁","","","13.3","","",
"생산/기능/노무직","사례수","","422","563","","",
"생산/기능/노무직","명동-남대문-북창","","22.5","17.4","","",
"생산/기능/노무직","제주","","0","","","",
"생산/기능/노무직","신촌/홍대주변","","1.7","3.2","","",
"생산/기능/노무직","종로-청계","","0","","","",
"생산/기능/노무직","동대문 패션타운","","5.2","3.4","","",
"생산/기능/노무직","해운대 일대","","0","4.2","","",
"생산/기능/노무직","강남역","","1.6","1.8","","",
"생산/기능/노무직","잠실","","0","1.7","","",
"생산/기능/노무직","춘천(남이섬)","","0","","","",
"생산/기능/노무직","코엑스 (강남 코엑스)","","0","","","",
"생산/기능/노무직","이태원","","0","1.2","","",
"생산/기능/노무직","청계천/광화문광장","","3.2","","","",
"생산/기능/노무직","제주민속촌","","0","","","",
"생산/기능/노무직","이기대/오륙도","","6.9","","","",
"생산/기능/노무직","섭지코지","","0","","","",
"생산/기능/노무직","거제(바람의언덕,외도)","","7.3","","","",
"생산/기능/노무직","태종대","","2.1","","","",
"생산/기능/노무직","용궁사/기장","","1.5","","","",
"생산/기능/노무직","감천문화마을","",".7","","","",
"생산/기능/노무직","경주(불국사,보문관광단지,양봉마을)","","1.9","","","",
"생산/기능/노무직","스키장(용평리조트/피닉스파크/비발디파크)","","100","","","",
"생산/기능/노무직","남산/N서울타워","","","7.1","","",
"생산/기능/노무직","인사동","","","1.9","","",
"생산/기능/노무직","고궁","","","7.7","","",
"자영업자","사례수","","1198","1635","","",
"자영업자","명동-남대문-북창","","17.2","19.2","","",
"자영업자","제주","","0","","","",
"자영업자","신촌/홍대주변","","1.9","2.6","","",
"자영업자","종로-청계","","0","","","",
"자영업자","동대문 패션타운","","12.4","8.7","","",
"자영업자","해운대 일대","","0","3","","",
"자영업자","강남역","","1.8","3.2","","",
"자영업자","잠실","","0","1.6","","",
"자영업자","춘천(남이섬)","","0","","","",
"자영업자","코엑스 (강남 코엑스)","","0","","","",
"자영업자","이태원","","0","1.8","","",
"자영업자","청계천/광화문광장","","2.7","","","",
"자영업자","제주민속촌","",".2","","","",
"자영업자","이기대/오륙도","","6.1","","","",
"자영업자","섭지코지","","0","","","",
"자영업자","거제(바람의언덕,외도)","","4.7","","","",
"자영업자","태종대","","2.6","","","",
"자영업자","용궁사/기장","","2.6","","","",
"자영업자","감천문화마을","","3.7","","","",
"자영업자","경주(불국사,보문관광단지,양봉마을)","","7.2","","","",
"자영업자","스키장(용평리조트/피닉스파크/비발디파크)","","100","","","",
"자영업자","남산/N서울타워","","","6.2","","",
"자영업자","인사동","","","1.4","","",
"자영업자","고궁","","","7.1","","",
"학생","사례수","","1927","2269","","",
"학생","명동-남대문-북창","","18.9","21.2","","",
"학생","제주","","0","","","",
"학생","신촌/홍대주변","","9.1","10.7","","",
"학생","종로-청계","","0","","","",
"학생","동대문 패션타운","","3","5","","",
"학생","해운대 일대","","0","3.5","","",
"학생","강남역","","1.5","1.9","","",
"학생","잠실","","0","2.2","","",
"학생","춘천(남이섬)","","0","","","",
"학생","코엑스 (강남 코엑스)","","0","","","",
"학생","이태원","","0","2","","",
"학생","청계천/광화문광장","","1.3","","","",
"학생","제주민속촌","","0","","","",
"학생","이기대/오륙도","","5.4","","","",
"학생","섭지코지","","0","","","",
"학생","거제(바람의언덕,외도)","","7.3","","","",
"학생","태종대","","2.3","","","",
"학생","용궁사/기장","","4.2","","","",
"학생","감천문화마을","","2.5","","","",
"학생","경주(불국사,보문관광단지,양봉마을)","","5.1","","","",
"학생","스키장(용평리조트/피닉스파크/비발디파크)","","100","","","",
"학생","남산/N서울타워","","","5.1","","",
"학생","인사동","","","2.9","","",
"학생","고궁","","","8","","",
"주부","사례수","","557","647","","",
"주부","명동-남대문-북창","","18.2","20.7","","",
"주부","제주","","0","","","",
"주부","신촌/홍대주변","","2.1","2.7","","",
"주부","종로-청계","","0","","","",
"주부","동대문 패션타운","","7.1","7.2","","",
"주부","해운대 일대","","0","5","","",
"주부","강남역","","1","2.1","","",
"주부","잠실","","0","1.1","","",
"주부","춘천(남이섬)","","0","","","",
"주부","코엑스 (강남 코엑스)","","0","","","",
"주부","이태원","","0","1.7","","",
"주부","청계천/광화문광장","","3.2","","","",
"주부","제주민속촌","","0","","","",
"주부","이기대/오륙도","","4.4","","","",
"주부","섭지코지","","0","","","",
"주부","거제(바람의언덕,외도)","","5.1","","","",
"주부","태종대","","3.4","","","",
"주부","용궁사/기장","","4","","","",
"주부","감천문화마을","","2.4","","","",
"주부","경주(불국사,보문관광단지,양봉마을)","","3.7","","","",
"주부","스키장(용평리조트/피닉스파크/비발디파크)","","100","","","",
"주부","남산/N서울타워","","","3.3","","",
"주부","인사동","","","2.5","","",
"주부","고궁","","","6.8","","",
"은퇴자","사례수","","141","151","","",
"은퇴자","명동-남대문-북창","","5.3","6.1","","",
"은퇴자","제주","","0","","","",
"은퇴자","신촌/홍대주변","","1.5",".4","","",
"은퇴자","종로-청계","","0","","","",
"은퇴자","동대문 패션타운","","2.4","4.5","","",
"은퇴자","해운대 일대","","0","1.3","","",
"은퇴자","강남역","","1.7","1.3","","",
"은퇴자","잠실","","0",".7","","",
"은퇴자","춘천(남이섬)","","0","","","",
"은퇴자","코엑스 (강남 코엑스)","","0","","","",
"은퇴자","이태원","","0","1.5","","",
"은퇴자","청계천/광화문광장","","5.4","","","",
"은퇴자","제주민속촌","","0","","","",
"은퇴자","이기대/오륙도","","22.7","","","",
"은퇴자","섭지코지","","0","","","",
"은퇴자","거제(바람의언덕,외도)","","6.5","","","",
"은퇴자","태종대","","2.9","","","",
"은퇴자","용궁사/기장","","5.1","","","",
"은퇴자","감천문화마을","","2","","","",
"은퇴자","경주(불국사,보문관광단지,양봉마을)","","2.1","","","",
"은퇴자","스키장(용평리조트/피닉스파크/비발디파크)","","100","","","",
"은퇴자","남산/N서울타워","","","1.9","","",
"은퇴자","인사동","","","1","","",
"은퇴자","고궁","","","24.9","","",
"무직","사례수","","224","256","","",
"무직","명동-남대문-북창","","18.4","23.5","","",
"무직","제주","","0","","","",
"무직","신촌/홍대주변","","5.2","3.9","","",
"무직","종로-청계","","0","","","",
"무직","동대문 패션타운","","4.3","7.1","","",
"무직","해운대 일대","","0","2.3","","",
"무직","강남역","","2.2","2","","",
"무직","잠실","","0","1.7","","",
"무직","춘천(남이섬)","","0","","","",
"무직","코엑스 (강남 코엑스)","","0","","","",
"무직","이태원","","0",".5","","",
"무직","청계천/광화문광장","","7.8","","","",
"무직","제주민속촌","","0","","","",
"무직","이기대/오륙도","","6","","","",
"무직","섭지코지","","0","","","",
"무직","거제(바람의언덕,외도)","","7.5","","","",
"무직","태종대","","1.8","","","",
"무직","용궁사/기장","",".9","","","",
"무직","감천문화마을","","2.1","","","",
"무직","경주(불국사,보문관광단지,양봉마을)","","8.7","","","",
"무직","스키장(용평리조트/피닉스파크/비발디파크)","","100","","","",
"무직","남산/N서울타워","","","5.7","","",
"무직","인사동","","","2.8","","",
"무직","고궁","","","10.6","","",
"기타","사례수","","889","721","","",
"기타","명동-남대문-북창","","18.1","20.6","","",
"기타","제주","","0","","","",
"기타","신촌/홍대주변","","4.8","4.2","","",
"기타","종로-청계","","0","","","",
"기타","동대문 패션타운","","7.8","5","","",
"기타","해운대 일대","","0","2.7","","",
"기타","강남역","","3.6","3.5","","",
"기타","잠실","","0","1.9","","",
"기타","춘천(남이섬)","","0","","","",
"기타","코엑스 (강남 코엑스)","","0","","","",
"기타","이태원","","0","1.5","","",
"기타","청계천/광화문광장","","1.6","","","",
"기타","제주민속촌","",".3","","","",
"기타","이기대/오륙도","","8.4","","","",
"기타","섭지코지","","0","","","",
"기타","거제(바람의언덕,외도)","","5.1","","","",
"기타","태종대","","2.4","","","",
"기타","용궁사/기장","","3.7","","","",
"기타","감천문화마을","","2.1","","","",
"기타","경주(불국사,보문관광단지,양봉마을)","","9","","","",
"기타","스키장(용평리조트/피닉스파크/비발디파크)","","100","","","",
"기타","남산/N서울타워","","","4.5","","",
"기타","인사동","","","2.2","","",
"기타","고궁","","","8.1","","",
"무응답","사례수","","10","42","","",
"무응답","명동-남대문-북창","","0","3.6","","",
"무응답","제주","","0","","","",
"무응답","신촌/홍대주변","","0","6.1","","",
"무응답","종로-청계","","0","","","",
"무응답","동대문 패션타운","","0","5.2","","",
"무응답","해운대 일대","","0","2.3","","",
"무응답","강남역","","0",".9","","",
"무응답","잠실","","0","0","","",
"무응답","춘천(남이섬)","","0","","","",
"무응답","코엑스 (강남 코엑스)","","0","","","",
"무응답","이태원","","0","3.1","","",
"무응답","청계천/광화문광장","","0","","","",
"무응답","제주민속촌","","0","","","",
"무응답","이기대/오륙도","","2.8","","","",
"무응답","섭지코지","","0","","","",
"무응답","거제(바람의언덕,외도)","","18.5","","","",
"무응답","태종대","","0","","","",
"무응답","용궁사/기장","","0","","","",
"무응답","감천문화마을","","8.1","","","",
"무응답","경주(불국사,보문관광단지,양봉마을)","","0","","","",
"무응답","스키장(용평리조트/피닉스파크/비발디파크)","","100","","","",
"무응답","남산/N서울타워","","","8.2","","",
"무응답","인사동","","",".8","","",
"무응답","고궁","","","14.5","","",
